-2.28571443228183*a1 + a2*(3.49387741221057*(-0.755928946018454*chi - 1)**2 + 22.4489794223586*(0.302371582402191*chi - 1)**2),1.08420941748321*a1 + a2*(1.0*(-1.31975015779201*chi - 1.74586535512796)*(0.442116591319631*chi + 2.28547288872818) + 1.0*(-0.679564335765284*chi - 0.898979116151869)*(1.43264726044084*chi - 4.73803539690858) + 1.0*(-0.504738446538398*chi - 0.667706203336835)*(1.16577897262635*chi + 6.02636750355105)),a2*(1.0*(-1.31975015779201*chi - 1.74586535512796)*(-0.896475829232643*chi - 1.18592605026499) + 1.0*(-0.876241280953827*chi - 1.15915825894625)*(-0.504738446538398*chi - 0.667706203336835)),a2*(1.0*(-1.31975015779201*chi - 1.74586535512796)*(1.18724087354363*chi + 1.57057204886377) + 1.0*(-0.58846323707273*chi - 0.778463690499244)*(-0.504738446538398*chi - 0.667706203336835)),0,0,0,0,0,0,0,0,0,0,0,0,0,0
1.08420966752469*a1 + a2*(1.0*(-1.31975015779201*chi - 1.74586535512796)*(0.442116591319631*chi + 2.28547288872818) + 1.0*(-0.679564335765284*chi - 0.898979116151869)*(1.43264726044084*chi - 4.73803539690858) + 1.0*(-0.504738446538398*chi - 0.667706203336835)*(1.16577897262635*chi + 6.02636750355105)),-1.86243409667568*a1 + a2*(4.66056342273083*(-0.755928946018454*chi - 1)**2 + 36.3171052878562*(0.193446379089794*chi + 1)**2 + 5.22338632511153*(0.193446438809283*chi + 1)**2),1.31175936075714*a1 + a2*(1.0*(-1.4575849465497*chi - 1.92820364166094)*(1.78086141142033*chi + 6.09751559381877) + 1.0*(-0.896475829232643*chi - 1.18592605026499)*(0.442116591319631*chi + 2.28547288872818) + 1.0*(-0.876241280953827*chi - 1.15915825894625)*(1.16577897262635*chi + 6.02636750355105) + 1.0*(-0.277159765931015*chi - 0.36664790704317)*(0.876456224926545*chi + 1.15944260309506)),0.819849812276273*a1 + a2*(1.0*(-1.4575849465497*chi - 1.92820364166094)*(0.523782720739161*chi + 0.692899410054306) + 1.0*(-0.58846323707273*chi - 0.778463690499244)*(1.16577897262635*chi + 6.02636750355105) + 1.0*(-0.43822817819093*chi - 2.81578936599684)*(-0.277159765931015*chi - 0.36664790704317) + 1.0*(0.442116591319631*chi + 2.28547288872818)*(1.18724087354363*chi + 1.57057204886377)),0,0,0,0,0,0,0,0,0,0,0,0,0,0
a2*(1.0*(-1.31975015779201*chi - 1.74586535512796)*(-0.896475829232643*chi - 1.18592605026499) + 1.0*(-0.876241280953827*chi - 1.15915825894625)*(-0.504738446538398*chi - 0.667706203336835)),1.31175957156953*a1 + a2*(1.0*(-1.4575849465497*chi - 1.92820364166094)*(1.78086141142033*chi + 6.09751559381877) + 1.0*(-0.896475829232643*chi - 1.18592605026499)*(0.442116591319631*chi + 2.28547288872818) + 1.0*(-0.876241280953827*chi - 1.15915825894625)*(1.16577897262635*chi + 6.02636750355105) + 1.0*(-0.277159765931015*chi - 0.36664790704317)*(0.876456224926545*chi + 1.15944260309506)),-2.81481426888253*a1 + a2*(1.34364786928331*(-0.755928946018455*chi - 1)**2 + 1.40642059669712*(-0.755928946018454*chi - 1)**2 + 37.1796964168631*(0.292063445188338*chi + 1)**2 + 1.34430714987186*(0.755928946018454*chi + 1)**2),0.740740667496767*a1 + a2*(1.0*(-0.896475829232643*chi - 1.18592605026499)*(1.18724087354363*chi + 1.57057204886377) + 1.0*(-0.876241280953827*chi - 1.15915825894625)*(-0.58846323707273*chi - 0.778463690499244) + 1.0*(-0.43822817819093*chi - 2.81578936599684)*(0.876456224926545*chi + 1.15944260309506) + 1.0*(0.523782720739161*chi + 0.692899410054306)*(1.78086141142033*chi + 6.09751559381877)),0,0,0,0,0,0,0,0,0,0,0,0,0,0
a2*(1.0*(-1.31975015779201*chi - 1.74586535512796)*(1.18724087354363*chi + 1.57057204886377) + 1.0*(-0.58846323707273*chi - 0.778463690499244)*(-0.504738446538398*chi - 0.667706203336835)),0.819850135387641*a1 + a2*(1.0*(-1.4575849465497*chi - 1.92820364166094)*(0.523782720739161*chi + 0.692899410054306) + 1.0*(-0.58846323707273*chi - 0.778463690499244)*(1.16577897262635*chi + 6.02636750355105) + 1.0*(-0.43822817819093*chi - 2.81578936599684)*(-0.277159765931015*chi - 0.36664790704317) + 1.0*(0.442116591319631*chi + 2.28547288872818)*(1.18724087354363*chi + 1.57057204886377)),0.740740667675466*a1 + a2*(1.0*(-0.896475829232643*chi - 1.18592605026499)*(1.18724087354363*chi + 1.57057204886377) + 1.0*(-0.876241280953827*chi - 1.15915825894625)*(-0.58846323707273*chi - 0.778463690499244) + 1.0*(-0.43822817819093*chi - 2.81578936599684)*(0.876456224926545*chi + 1.15944260309506) + 1.0*(0.523782720739161*chi + 0.692899410054306)*(1.78086141142033*chi + 6.09751559381877)),-2.03703708014432*a1 + a2*(0.606005717425703*(-0.755928946018455*chi - 1)**2 + 7.92866975366089*(-0.155632443066561*chi - 1)**2 + 2.94680615312573*(0.755928946018454*chi + 1)**2),0,0,0,0,0,0,0,0,0,0,0,0,0,0
0,0,0,0,-2.42857147947274*a1 + a2*(5.64431333432965*(1 - 0.38655464937866*chi)**2 + 3.00776142188903*(-0.755928946018454*chi - 1)**2 + 10.2332361395341*(0.30237155058821*chi - 1)**2 + 4.48979591033549*(0.302371590003029*chi - 1)**2 + 0.110605892801364*(0.755928946018454*chi + 1)**2) + sqrt(21)*a4*(5.31239745045947 - 2.05353193382245*chi)/5 + 6*a5 + a6*(11.8530580020923*(1 - 0.38655464937866*chi)**2 + 2.43466686390303*(-0.755928946018455*chi - 1)**2 + 3.01714267792414*(-0.755928946018454*chi - 1)**2 + 0.232272374882865*(0.755928946018454*chi + 1)**2),0.993587673963535*a1 + a2*(0.2*(5.31239745045947 - 2.05353193382245*chi)*(0.562153881088236*chi + 0.743659683954625) + 0.2*(-2.18909458511075*chi - 8.34379248681897)*(0.562153748164438*chi + 0.743659508112968) + 0.2*(-1.89521410962937*chi - 2.50713260765001)*(1.11742117574615*chi + 4.16710586140465) + 0.2*(-1.82001975914483*chi - 2.40765983196044)*(0.441919619084947*chi + 2.77201326601905) + 0.2*(-1.27749424674709*chi - 1.68996603910429)*(2.1628800118944*chi - 7.15305394203556) + 0.2*(-0.919606944037874*chi - 1.21652563892615)*(0.882603285072408*chi + 2.92464952163208) + 0.2*(-0.679564198083322*chi - 0.898978934015753)*(1.16577923330075*chi + 6.02636803335784) + 0.2*(-0.617908720350271*chi - 0.817416403492487)*(1.76444952815521*chi + 8.56795003546507) + 0.2*(-0.504738689939728*chi - 0.66770652532653)*(1.43264730058031*chi - 4.73803541055546)) + sqrt(21)*a4*(0.562153748164438*chi + 0.743659508112968)/5 + a6*(3.286335345031*(1.89914999161365 - 0.734125259125701*chi)*(0.200966616016648*chi + 0.26585384390313) + 3.286335345031*(-0.782588087906524*chi - 2.98285540175421)*(0.200966568497193*chi + 0.2658537810408) + 3.286335345031*(-0.724307464291761*chi - 0.958168711631898)*(0.427052803289276*chi + 1.59257250385266) + 3.286335345031*(-0.650646067533526*chi - 0.860723843107923)*(0.157983593792761*chi + 0.990977994400191)),0.0232043088719145*a1 + a2*(0.2*(0.468094462915638 - 0.19161557988893*chi)*(-0.617908720350271*chi - 0.817416403492487) + 0.2*(3.82328421560918 - 0.0958489336396198*chi)*(-0.919606944037874*chi - 1.21652563892615) + 0.2*(5.31239745045947 - 2.05353193382245*chi)*(-1.82001958215555*chi - 2.40765959782564) + 0.2*(-1.89521410962937*chi - 2.50713260765001)*(-1.17548097142738*chi - 8.64513731505435) + 0.2*(-1.82001975914483*chi - 2.40765983196044)*(0.634156790525299*chi + 6.28680313249481) + 0.2*(-1.3197503815953*chi - 1.74586565119187)*(1.43264730058031*chi - 4.73803541055546) + 0.2*(-0.679564198083322*chi - 0.898978934015753)*(0.442116252417863*chi + 2.28547268039561) + 0.2*(-0.633197823204618*chi - 0.837641985453432)*(2.1628800118944*chi - 7.15305394203556) + 0.2*(0.441919325418115*chi + 2.77201287753435)*(0.562153748164438*chi + 0.743659508112968)) + sqrt(21)*a4*(-1.82001975914483*chi - 2.40765983196044)/5 + a6*(3.286335345031*(1.89914999161365 - 0.734125259125701*chi)*(-0.65064600426093*chi - 0.860723759406147) + 3.286335345031*(-0.724307464291761*chi - 0.958168711631898)*(-0.449241928609471*chi - 3.30397365411428) + 3.286335345031*(-0.650646067533526*chi - 0.860723843107923)*(0.226707221106677*chi + 2.2474941356885) + 3.286335345031*(0.157983488808642*chi + 0.990977855519257)*(0.200966568497193*chi + 0.2658537810408)),a2*(0.2*(-1.89521410962937*chi - 2.50713260765001)*(0.356348469384094*chi + 0.471404715034413) + 0.2*(-1.82001975914483*chi - 2.40765983196044)*(-0.996408736747769*chi - 1.31812486080331) + 0.2*(-1.63275056437839*chi - 2.15992597317278)*(-0.617908720350271*chi - 0.817416403492487) + 0.2*(-1.45758520053101*chi - 1.92820397764663)*(-0.679564198083322*chi - 0.898978934015753) + 0.2*(-1.39529228987195*chi - 1.84579820262352)*(0.562153748164438*chi + 0.743659508112968) + 0.2*(-1.35789405128067*chi - 1.79632498323132)*(-0.919606944037874*chi - 1.21652563892615)) + a6*(3.286335345031*(-0.724307464291761*chi - 0.958168711631898)*(0.136188230634436*chi + 0.180160094876313) + 3.286335345031*(-0.650646067533526*chi - 0.860723843107923)*(-0.356210103194487*chi - 0.471221673770633) + 3.286335345031*(-0.498808563425488*chi - 0.659861705326615)*(0.200966568497193*chi + 0.2658537810408)),a2*(0.2*(-1.89521410962937*chi - 2.50713260765001)*(1.49071201282962*chi + 1.97202663118186) + 0.2*(-1.82001975914483*chi - 2.40765983196044)*(0.863883113010135*chi + 1.14280993942656) + 0.2*(-1.257420337114*chi - 1.66341075273932)*(-0.617908720350271*chi - 0.817416403492487) + 0.2*(-0.919606944037874*chi - 1.21652563892615)*(1.63488931274843*chi + 2.16275527132482) + 0.2*(-0.679564198083322*chi - 0.898978934015753)*(-0.277159780115566*chi - 0.366647925807567) + 0.2*(0.403701338119332*chi + 0.534046672303876)*(0.562153748164438*chi + 0.743659508112968)) + a6*(3.286335345031*(-0.724307464291761*chi - 0.958168711631898)*(0.569716019164211*chi + 0.753663452319105) + 3.286335345031*(-0.650646067533526*chi - 0.860723843107923)*(0.308832993413638*chi + 0.408547648612067) + 3.286335345031*(0.144320789258236*chi + 0.190918458696927)*(0.200966568497193*chi + 0.2658537810408)),0,0,0,0,0,0,0,0,0
0,0,0,0,0.993587978917567*a1 + a2*(0.2*(5.31239745045947 - 2.05353193382245*chi)*(0.562153881088236*chi + 0.743659683954625) + 0.2*(-2.18909458511075*chi - 8.34379248681897)*(0.562153748164438*chi + 0.743659508112968) + 0.2*(-1.89521410962937*chi - 2.50713260765001)*(1.11742117574615*chi + 4.16710586140465) + 0.2*(-1.82001975914483*chi - 2.40765983196044)*(0.441919619084947*chi + 2.77201326601905) + 0.2*(-1.27749424674709*chi - 1.68996603910429)*(2.1628800118944*chi - 7.15305394203556) + 0.2*(-0.919606944037874*chi - 1.21652563892615)*(0.882603285072408*chi + 2.92464952163208) + 0.2*(-0.679564198083322*chi - 0.898978934015753)*(1.16577923330075*chi + 6.02636803335784) + 0.2*(-0.617908720350271*chi - 0.817416403492487)*(1.76444952815521*chi + 8.56795003546507) + 0.2*(-0.504738689939728*chi - 0.66770652532653)*(1.43264730058031*chi - 4.73803541055546)) + sqrt(21)*a4*(0.562153881088236*chi + 0.743659683954625)/5 + a6*(3.286335345031*(1.89914999161365 - 0.734125259125701*chi)*(0.200966616016648*chi + 0.26585384390313) + 3.286335345031*(-0.782588087906524*chi - 2.98285540175421)*(0.200966568497193*chi + 0.2658537810408) + 3.286335345031*(-0.724307464291761*chi - 0.958168711631898)*(0.427052803289276*chi + 1.59257250385266) + 3.286335345031*(-0.650646067533526*chi - 0.860723843107923)*(0.157983593792761*chi + 0.990977994400191)),-2.27360939218467*a1 + a2*(0.121201134973155*(-0.755928946018455*chi - 1)**2 + 1.74261874172575*(-0.755928946018454*chi - 1)**2 + 13.9237746126193*(-0.262362060006759*chi - 1)**2 + 1.53681150939712*(0.159421899058801*chi + 1)**2 + 7.26342233469545*(0.193446405338638*chi + 1)**2 + 14.6819535620452*(0.205936019800732*chi + 1)**2 + 3.4729542520306*(0.268152817065581*chi + 1)**2 + 1.71071496487655*(0.301780872731676*chi + 1)**2 + 0.110605945107899*(0.755928946018454*chi + 1)**2 + 0.0570411809833985*(0.755928946018455*chi + 1)**2) + sqrt(21)*a4*(-2.18909458511075*chi - 8.34379248681897)/5 + 6*a5 + a6*(1.43092797967388*(-0.755928946018454*chi - 1)**2 + 29.2399266865006*(-0.262362060006759*chi - 1)**2 + 3.22730416973395*(0.159421899058801*chi + 1)**2 + 8.33509020487345*(0.268152817065581*chi + 1)**2 + 0.352058964791724*(0.755928946018454*chi + 1)**2),0.116235911705222*a1 + a2*(0.2*(0.468094462915638 - 0.19161557988893*chi)*(1.76444952815521*chi + 8.56795003546507) + 0.2*(3.82328421560918 - 0.0958489336396198*chi)*(0.882603285072408*chi + 2.92464952163208) + 0.2*(-2.50311105544856*chi - 3.31130467834665)*(-0.614425325496315*chi - 0.812808305241581) + 0.2*(-2.18909458511075*chi - 8.34379248681897)*(0.441919325418115*chi + 2.77201287753435) + 0.2*(-1.82001958215555*chi - 2.40765959782564)*(0.562153881088236*chi + 0.743659683954625) + 0.2*(-1.39529236673607*chi - 1.84579830430519)*(-0.996408639365935*chi - 1.31812473197925) + 0.2*(-1.3197503815953*chi - 1.74586565119187)*(-0.504738689939728*chi - 0.66770652532653) + 0.2*(-1.27749424674709*chi - 1.68996603910429)*(-0.633197823204618*chi - 0.837641985453432) + 0.2*(-1.17548097142738*chi - 8.64513731505435)*(1.11742117574615*chi + 4.16710586140465) + 0.2*(-0.896475554995765*chi - 1.1859256874837)*(-0.876241248611258*chi - 1.15915821616105) + 0.2*(-0.588463216408771*chi - 0.778463663163396)*(1.18724087163409*chi + 1.57057204633768) + 0.2*(0.40370137826085*chi + 0.534046725406113)*(0.863883186569022*chi + 1.14281003673582) + 0.2*(0.441919619084947*chi + 2.77201326601905)*(0.634156790525299*chi + 6.28680313249481) + 0.2*(0.442116252417863*chi + 2.28547268039561)*(1.16577923330075*chi + 6.02636803335784)) + sqrt(21)*a4*(0.441919619084947*chi + 2.77201326601905)/5 + a6*(3.286335345031*(-0.782588087906524*chi - 2.98285540175421)*(0.157983488808642*chi + 0.990977855519257) + 3.286335345031*(-0.65064600426093*chi - 0.860723759406147)*(0.200966616016648*chi + 0.26585384390313) + 3.286335345031*(-0.498808590903946*chi - 0.659861741677198)*(-0.35621006838107*chi - 0.471221627716812) + 3.286335345031*(-0.449241928609471*chi - 3.30397365411428)*(0.427052803289276*chi + 1.59257250385266) + 3.286335345031*(0.144320803608586*chi + 0.190918477680656)*(0.308833019710495*chi + 0.40854768339954) + 3.286335345031*(0.157983593792761*chi + 0.990977994400191)*(0.226707221106677*chi + 2.2474941356885)),0.611900442426244*a1 + a2*(0.2*(-2.18909458511075*chi - 8.34379248681897)*(-1.39529228987195*chi - 1.84579820262352) + 0.2*(-1.63275056437839*chi - 2.15992597317278)*(1.76444952815521*chi + 8.56795003546507) + 0.2*(-1.45758520053101*chi - 1.92820397764663)*(1.16577923330075*chi + 6.02636803335784) + 0.2*(-1.39529236673607*chi - 1.84579830430519)*(1.71550186758039*chi + 6.91774406280133) + 0.2*(-1.35789405128067*chi - 1.79632498323132)*(0.882603285072408*chi + 2.92464952163208) + 0.2*(-0.996408736747769*chi - 1.31812486080331)*(0.441919619084947*chi + 2.77201326601905) + 0.2*(-0.989856556260002*chi - 1.30945714074539)*(0.40370137826085*chi + 0.534046725406113) + 0.2*(-0.876241248611258*chi - 1.15915821616105)*(1.780861299437*chi + 6.09751548332881) + 0.2*(-0.614425325496315*chi - 0.812808305241581)*(2.28967938836408*chi + 7.83966340514891) + 0.2*(-0.588463216408771*chi - 0.778463663163396)*(0.523782700964033*chi + 0.692899383894272) + 0.2*(0.356348469384094*chi + 0.471404715034413)*(1.11742117574615*chi + 4.16710586140465)) + sqrt(21)*a4*(-1.39529236673607*chi - 1.84579830430519)/5 + a6*(3.286335345031*(-0.782588087906524*chi - 2.98285540175421)*(-0.498808563425488*chi - 0.659861705326615) + 3.286335345031*(-0.498808590903946*chi - 0.659861741677198)*(0.613281552784932*chi + 2.47305170619684) + 3.286335345031*(-0.356210103194487*chi - 0.471221673770633)*(0.157983593792761*chi + 0.990977994400191) + 3.286335345031*(-0.35386773825767*chi - 0.468123016219346)*(0.144320803608586*chi + 0.190918477680656) + 3.286335345031*(0.136188230634436*chi + 0.180160094876313)*(0.427052803289276*chi + 1.59257250385266)),0.664085964395322*a1 + a2*(0.2*(-2.89860642169238*chi - 0.876455870226429)*(0.40370137826085*chi + 0.534046725406113) + 0.2*(-2.18909458511075*chi - 8.34379248681897)*(0.403701338119332*chi + 0.534046672303876) + 0.2*(-1.39529236673607*chi - 1.84579830430519)*(-0.989856573709963*chi - 1.30945716382952) + 0.2*(-1.257420337114*chi - 1.66341075273932)*(1.76444952815521*chi + 8.56795003546507) + 0.2*(-0.876241248611258*chi - 1.15915821616105)*(0.876456085974781*chi + 1.15944241927916) + 0.2*(-0.614425325496315*chi - 0.812808305241581)*(1.12687219456659*chi + 1.49071179308839) + 0.2*(-0.588463216408771*chi - 0.778463663163396)*(-0.43822805307416*chi - 2.81578922298312) + 0.2*(-0.277159780115566*chi - 0.366647925807567)*(1.16577923330075*chi + 6.02636803335784) + 0.2*(0.441919619084947*chi + 2.77201326601905)*(0.863883113010135*chi + 1.14280993942656) + 0.2*(0.882603285072408*chi + 2.92464952163208)*(1.63488931274843*chi + 2.16275527132482) + 0.2*(1.11742117574615*chi + 4.16710586140465)*(1.49071201282962*chi + 1.97202663118186)) + sqrt(21)*a4*(0.40370137826085*chi + 0.534046725406113)/5 + a6*(3.286335345031*(-1.03623428269138*chi - 0.313327678155236)*(0.144320803608586*chi + 0.190918477680656) + 3.286335345031*(-0.782588087906524*chi - 2.98285540175421)*(0.144320789258236*chi + 0.190918458696927) + 3.286335345031*(-0.498808590903946*chi - 0.659861741677198)*(-0.353867744495925*chi - 0.468123024471782) + 3.286335345031*(0.157983593792761*chi + 0.990977994400191)*(0.308832993413638*chi + 0.408547648612067) + 3.286335345031*(0.427052803289276*chi + 1.59257250385266)*(0.569716019164211*chi + 0.753663452319105)),0,0,0,0,0,0,0,0,0
0,0,0,0,0.023204511911338*a1 + a2*(0.2*(0.468094462915638 - 0.19161557988893*chi)*(-0.617908720350271*chi - 0.817416403492487) + 0.2*(3.82328421560918 - 0.0958489336396198*chi)*(-0.919606944037874*chi - 1.21652563892615) + 0.2*(5.31239745045947 - 2.05353193382245*chi)*(-1.82001958215555*chi - 2.40765959782564) + 0.2*(-1.89521410962937*chi - 2.50713260765001)*(-1.17548097142738*chi - 8.64513731505435) + 0.2*(-1.82001975914483*chi - 2.40765983196044)*(0.634156790525299*chi + 6.28680313249481) + 0.2*(-1.3197503815953*chi - 1.74586565119187)*(1.43264730058031*chi - 4.73803541055546) + 0.2*(-0.679564198083322*chi - 0.898978934015753)*(0.442116252417863*chi + 2.28547268039561) + 0.2*(-0.633197823204618*chi - 0.837641985453432)*(2.1628800118944*chi - 7.15305394203556) + 0.2*(0.441919325418115*chi + 2.77201287753435)*(0.562153748164438*chi + 0.743659508112968)) + sqrt(21)*a4*(-1.82001958215555*chi - 2.40765959782564)/5 + a6*(3.286335345031*(1.89914999161365 - 0.734125259125701*chi)*(-0.65064600426093*chi - 0.860723759406147) + 3.286335345031*(-0.724307464291761*chi - 0.958168711631898)*(-0.449241928609471*chi - 3.30397365411428) + 3.286335345031*(-0.650646067533526*chi - 0.860723843107923)*(0.226707221106677*chi + 2.2474941356885) + 3.286335345031*(0.157983488808642*chi + 0.990977855519257)*(0.200966568497193*chi + 0.2658537810408)),0.116235918834262*a1 + a2*(0.2*(0.468094462915638 - 0.19161557988893*chi)*(1.76444952815521*chi + 8.56795003546507) + 0.2*(3.82328421560918 - 0.0958489336396198*chi)*(0.882603285072408*chi + 2.92464952163208) + 0.2*(-2.50311105544856*chi - 3.31130467834665)*(-0.614425325496315*chi - 0.812808305241581) + 0.2*(-2.18909458511075*chi - 8.34379248681897)*(0.441919325418115*chi + 2.77201287753435) + 0.2*(-1.82001958215555*chi - 2.40765959782564)*(0.562153881088236*chi + 0.743659683954625) + 0.2*(-1.39529236673607*chi - 1.84579830430519)*(-0.996408639365935*chi - 1.31812473197925) + 0.2*(-1.3197503815953*chi - 1.74586565119187)*(-0.504738689939728*chi - 0.66770652532653) + 0.2*(-1.27749424674709*chi - 1.68996603910429)*(-0.633197823204618*chi - 0.837641985453432) + 0.2*(-1.17548097142738*chi - 8.64513731505435)*(1.11742117574615*chi + 4.16710586140465) + 0.2*(-0.896475554995765*chi - 1.1859256874837)*(-0.876241248611258*chi - 1.15915821616105) + 0.2*(-0.588463216408771*chi - 0.778463663163396)*(1.18724087163409*chi + 1.57057204633768) + 0.2*(0.40370137826085*chi + 0.534046725406113)*(0.863883186569022*chi + 1.14281003673582) + 0.2*(0.441919619084947*chi + 2.77201326601905)*(0.634156790525299*chi + 6.28680313249481) + 0.2*(0.442116252417863*chi + 2.28547268039561)*(1.16577923330075*chi + 6.02636803335784)) + sqrt(21)*a4*(0.441919325418115*chi + 2.77201287753435)/5 + a6*(3.286335345031*(-0.782588087906524*chi - 2.98285540175421)*(0.157983488808642*chi + 0.990977855519257) + 3.286335345031*(-0.65064600426093*chi - 0.860723759406147)*(0.200966616016648*chi + 0.26585384390313) + 3.286335345031*(-0.498808590903946*chi - 0.659861741677198)*(-0.35621006838107*chi - 0.471221627716812) + 3.286335345031*(-0.449241928609471*chi - 3.30397365411428)*(0.427052803289276*chi + 1.59257250385266) + 3.286335345031*(0.144320803608586*chi + 0.190918477680656)*(0.308833019710495*chi + 0.40854768339954) + 3.286335345031*(0.157983593792761*chi + 0.990977994400191)*(0.226707221106677*chi + 2.2474941356885)),-2.66818949879294*a1 + a2*(0.0438224852424559*(1 - 0.409352374508783*chi)**2 + 2.92350043866526*(1 - 0.0250697903253703*chi)**2 + 1.37871270261901*(-0.755928946018455*chi - 1)**2 + 3.35231268236848*(-0.755928946018454*chi - 1)**2 + 14.947679839229*(-0.135970190939644*chi - 1)**2 + 7.90477872534931*(0.100871106850398*chi + 1)**2 + 1.53681107864325*(0.159421815461115*chi + 1)**2 + 1.04467707456694*(0.193446308157721*chi + 1)**2 + 0.493339310547466*(0.755928946018454*chi + 1)**2 + 0.261202956012827*(0.755928946018455*chi + 1)**2) + sqrt(21)*a4*(0.634156790525299*chi + 6.28680313249481)/5 + 6*a5 + a6*(3.16439657018407*(-0.755928946018454*chi - 1)**2 + 35.8744316141496*(-0.135970190939644*chi - 1)**2 + 16.6000353232335*(0.100871106850398*chi + 1)**2 + 3.22730326515082*(0.159421815461115*chi + 1)**2 + 0.548526207626936*(0.755928946018454*chi + 1)**2),0.963422982798885*a1 + a2*(0.2*(0.468094462915638 - 0.19161557988893*chi)*(-1.63275056437839*chi - 2.15992597317278) + 0.2*(3.82328421560918 - 0.0958489336396198*chi)*(-1.35789405128067*chi - 1.79632498323132) + 0.2*(-2.50311105544856*chi - 3.31130467834665)*(2.28967938836408*chi + 7.83966340514891) + 0.2*(-1.45758520053101*chi - 1.92820397764663)*(0.442116252417863*chi + 2.28547268039561) + 0.2*(-1.39529228987195*chi - 1.84579820262352)*(0.441919325418115*chi + 2.77201287753435) + 0.2*(-1.17548097142738*chi - 8.64513731505435)*(0.356348469384094*chi + 0.471404715034413) + 0.2*(-0.996408736747769*chi - 1.31812486080331)*(0.634156790525299*chi + 6.28680313249481) + 0.2*(-0.996408639365935*chi - 1.31812473197925)*(1.71550186758039*chi + 6.91774406280133) + 0.2*(-0.989856556260002*chi - 1.30945714074539)*(0.863883186569022*chi + 1.14281003673582) + 0.2*(-0.896475554995765*chi - 1.1859256874837)*(1.780861299437*chi + 6.09751548332881) + 0.2*(0.523782700964033*chi + 0.692899383894272)*(1.18724087163409*chi + 1.57057204633768)) + sqrt(21)*a4*(-0.996408639365935*chi - 1.31812473197925)/5 + a6*(3.286335345031*(-0.498808563425488*chi - 0.659861705326615)*(0.157983488808642*chi + 0.990977855519257) + 3.286335345031*(-0.449241928609471*chi - 3.30397365411428)*(0.136188230634436*chi + 0.180160094876313) + 3.286335345031*(-0.356210103194487*chi - 0.471221673770633)*(0.226707221106677*chi + 2.2474941356885) + 3.286335345031*(-0.35621006838107*chi - 0.471221627716812)*(0.613281552784932*chi + 2.47305170619684) + 3.286335345031*(-0.35386773825767*chi - 0.468123016219346)*(0.308833019710495*chi + 0.40854768339954)),-0.0262855234477987*a1 + a2*(0.2*(0.468094462915638 - 0.19161557988893*chi)*(-1.257420337114*chi - 1.66341075273932) + 0.2*(3.82328421560918 - 0.0958489336396198*chi)*(1.63488931274843*chi + 2.16275527132482) + 0.2*(-2.89860642169238*chi - 0.876455870226429)*(0.863883186569022*chi + 1.14281003673582) + 0.2*(-2.50311105544856*chi - 3.31130467834665)*(1.12687219456659*chi + 1.49071179308839) + 0.2*(-1.17548097142738*chi - 8.64513731505435)*(1.49071201282962*chi + 1.97202663118186) + 0.2*(-0.996408639365935*chi - 1.31812473197925)*(-0.989856573709963*chi - 1.30945716382952) + 0.2*(-0.896475554995765*chi - 1.1859256874837)*(0.876456085974781*chi + 1.15944241927916) + 0.2*(-0.43822805307416*chi - 2.81578922298312)*(1.18724087163409*chi + 1.57057204633768) + 0.2*(-0.277159780115566*chi - 0.366647925807567)*(0.442116252417863*chi + 2.28547268039561) + 0.2*(0.403701338119332*chi + 0.534046672303876)*(0.441919325418115*chi + 2.77201287753435) + 0.2*(0.634156790525299*chi + 6.28680313249481)*(0.863883113010135*chi + 1.14280993942656)) + sqrt(21)*a4*(0.863883186569022*chi + 1.14281003673582)/5 + a6*(3.286335345031*(-1.03623428269138*chi - 0.313327678155236)*(0.308833019710495*chi + 0.40854768339954) + 3.286335345031*(-0.449241928609471*chi - 3.30397365411428)*(0.569716019164211*chi + 0.753663452319105) + 3.286335345031*(-0.35621006838107*chi - 0.471221627716812)*(-0.353867744495925*chi - 0.468123024471782) + 3.286335345031*(0.144320789258236*chi + 0.190918458696927)*(0.157983488808642*chi + 0.990977855519257) + 3.286335345031*(0.226707221106677*chi + 2.2474941356885)*(0.308832993413638*chi + 0.408547648612067)),0,0,0,0,0,0,0,0,0
0,0,0,0,a2*(0.2*(-1.89521410962937*chi - 2.50713260765001)*(0.356348469384094*chi + 0.471404715034413) + 0.2*(-1.82001975914483*chi - 2.40765983196044)*(-0.996408736747769*chi - 1.31812486080331) + 0.2*(-1.63275056437839*chi - 2.15992597317278)*(-0.617908720350271*chi - 0.817416403492487) + 0.2*(-1.45758520053101*chi - 1.92820397764663)*(-0.679564198083322*chi - 0.898978934015753) + 0.2*(-1.39529228987195*chi - 1.84579820262352)*(0.562153748164438*chi + 0.743659508112968) + 0.2*(-1.35789405128067*chi - 1.79632498323132)*(-0.919606944037874*chi - 1.21652563892615)) + a6*(3.286335345031*(-0.724307464291761*chi - 0.958168711631898)*(0.136188230634436*chi + 0.180160094876313) + 3.286335345031*(-0.650646067533526*chi - 0.860723843107923)*(-0.356210103194487*chi - 0.471221673770633) + 3.286335345031*(-0.498808563425488*chi - 0.659861705326615)*(0.200966568497193*chi + 0.2658537810408)),0.611900558188089*a1 + a2*(0.2*(-2.18909458511075*chi - 8.34379248681897)*(-1.39529228987195*chi - 1.84579820262352) + 0.2*(-1.63275056437839*chi - 2.15992597317278)*(1.76444952815521*chi + 8.56795003546507) + 0.2*(-1.45758520053101*chi - 1.92820397764663)*(1.16577923330075*chi + 6.02636803335784) + 0.2*(-1.39529236673607*chi - 1.84579830430519)*(1.71550186758039*chi + 6.91774406280133) + 0.2*(-1.35789405128067*chi - 1.79632498323132)*(0.882603285072408*chi + 2.92464952163208) + 0.2*(-0.996408736747769*chi - 1.31812486080331)*(0.441919619084947*chi + 2.77201326601905) + 0.2*(-0.989856556260002*chi - 1.30945714074539)*(0.40370137826085*chi + 0.534046725406113) + 0.2*(-0.876241248611258*chi - 1.15915821616105)*(1.780861299437*chi + 6.09751548332881) + 0.2*(-0.614425325496315*chi - 0.812808305241581)*(2.28967938836408*chi + 7.83966340514891) + 0.2*(-0.588463216408771*chi - 0.778463663163396)*(0.523782700964033*chi + 0.692899383894272) + 0.2*(0.356348469384094*chi + 0.471404715034413)*(1.11742117574615*chi + 4.16710586140465)) + sqrt(21)*a4*(-1.39529228987195*chi - 1.84579820262352)/5 + a6*(3.286335345031*(-0.782588087906524*chi - 2.98285540175421)*(-0.498808563425488*chi - 0.659861705326615) + 3.286335345031*(-0.498808590903946*chi - 0.659861741677198)*(0.613281552784932*chi + 2.47305170619684) + 3.286335345031*(-0.356210103194487*chi - 0.471221673770633)*(0.157983593792761*chi + 0.990977994400191) + 3.286335345031*(-0.35386773825767*chi - 0.468123016219346)*(0.144320803608586*chi + 0.190918477680656) + 3.286335345031*(0.136188230634436*chi + 0.180160094876313)*(0.427052803289276*chi + 1.59257250385266)),0.963423187541556*a1 + a2*(0.2*(0.468094462915638 - 0.19161557988893*chi)*(-1.63275056437839*chi - 2.15992597317278) + 0.2*(3.82328421560918 - 0.0958489336396198*chi)*(-1.35789405128067*chi - 1.79632498323132) + 0.2*(-2.50311105544856*chi - 3.31130467834665)*(2.28967938836408*chi + 7.83966340514891) + 0.2*(-1.45758520053101*chi - 1.92820397764663)*(0.442116252417863*chi + 2.28547268039561) + 0.2*(-1.39529228987195*chi - 1.84579820262352)*(0.441919325418115*chi + 2.77201287753435) + 0.2*(-1.17548097142738*chi - 8.64513731505435)*(0.356348469384094*chi + 0.471404715034413) + 0.2*(-0.996408736747769*chi - 1.31812486080331)*(0.634156790525299*chi + 6.28680313249481) + 0.2*(-0.996408639365935*chi - 1.31812473197925)*(1.71550186758039*chi + 6.91774406280133) + 0.2*(-0.989856556260002*chi - 1.30945714074539)*(0.863883186569022*chi + 1.14281003673582) + 0.2*(-0.896475554995765*chi - 1.1859256874837)*(1.780861299437*chi + 6.09751548332881) + 0.2*(0.523782700964033*chi + 0.692899383894272)*(1.18724087163409*chi + 1.57057204633768)) + sqrt(21)*a4*(-0.996408736747769*chi - 1.31812486080331)/5 + a6*(3.286335345031*(-0.498808563425488*chi - 0.659861705326615)*(0.157983488808642*chi + 0.990977855519257) + 3.286335345031*(-0.449241928609471*chi - 3.30397365411428)*(0.136188230634436*chi + 0.180160094876313) + 3.286335345031*(-0.356210103194487*chi - 0.471221673770633)*(0.226707221106677*chi + 2.2474941356885) + 3.286335345031*(-0.35621006838107*chi - 0.471221627716812)*(0.613281552784932*chi + 2.47305170619684) + 3.286335345031*(-0.35386773825767*chi - 0.468123016219346)*(0.308833019710495*chi + 0.40854768339954)),-3.03703701154134*a1 + a2*(3.69382727826094*(-0.755928946018454*chi - 1)**2 + 9.57103658368462*(0.247985738125978*chi + 1)**2 + 7.43593901388692*(0.292063432115268*chi + 1)**2 + 12.2920644612062*(0.292063481559715*chi + 1)**2 + 0.140466392311548*(0.755928946018454*chi + 1)**2) + sqrt(21)*a4*(1.71550186758039*chi + 6.91774406280133)/5 + 6*a5 + a6*(2.88082290590852*(-0.755928946018454*chi - 1)**2 + 20.0991768257377*(0.247985738125978*chi + 1)**2 + 0.106666754571205*(0.755928946018455*chi + 1)**2),0.309874033608083*a1 + a2*(0.2*(-2.89860642169238*chi - 0.876455870226429)*(-0.989856556260002*chi - 1.30945714074539) + 0.2*(-1.63275056437839*chi - 2.15992597317278)*(-1.257420337114*chi - 1.66341075273932) + 0.2*(-1.45758520053101*chi - 1.92820397764663)*(-0.277159780115566*chi - 0.366647925807567) + 0.2*(-1.39529228987195*chi - 1.84579820262352)*(0.403701338119332*chi + 0.534046672303876) + 0.2*(-1.35789405128067*chi - 1.79632498323132)*(1.63488931274843*chi + 2.16275527132482) + 0.2*(-0.996408736747769*chi - 1.31812486080331)*(0.863883113010135*chi + 1.14280993942656) + 0.2*(-0.989856573709963*chi - 1.30945716382952)*(1.71550186758039*chi + 6.91774406280133) + 0.2*(-0.43822805307416*chi - 2.81578922298312)*(0.523782700964033*chi + 0.692899383894272) + 0.2*(0.356348469384094*chi + 0.471404715034413)*(1.49071201282962*chi + 1.97202663118186) + 0.2*(0.876456085974781*chi + 1.15944241927916)*(1.780861299437*chi + 6.09751548332881) + 0.2*(1.12687219456659*chi + 1.49071179308839)*(2.28967938836408*chi + 7.83966340514891)) + sqrt(21)*a4*(-0.989856556260002*chi - 1.30945714074539)/5 + a6*(3.286335345031*(-1.03623428269138*chi - 0.313327678155236)*(-0.35386773825767*chi - 0.468123016219346) + 3.286335345031*(-0.498808563425488*chi - 0.659861705326615)*(0.144320789258236*chi + 0.190918458696927) + 3.286335345031*(-0.356210103194487*chi - 0.471221673770633)*(0.308832993413638*chi + 0.408547648612067) + 3.286335345031*(-0.353867744495925*chi - 0.468123024471782)*(0.613281552784932*chi + 2.47305170619684) + 3.286335345031*(0.136188230634436*chi + 0.180160094876313)*(0.569716019164211*chi + 0.753663452319105)),0,0,0,0,0,0,0,0,0
0,0,0,0,a2*(0.2*(-1.89521410962937*chi - 2.50713260765001)*(1.49071201282962*chi + 1.97202663118186) + 0.2*(-1.82001975914483*chi - 2.40765983196044)*(0.863883113010135*chi + 1.14280993942656) + 0.2*(-1.257420337114*chi - 1.66341075273932)*(-0.617908720350271*chi - 0.817416403492487) + 0.2*(-0.919606944037874*chi - 1.21652563892615)*(1.63488931274843*chi + 2.16275527132482) + 0.2*(-0.679564198083322*chi - 0.898978934015753)*(-0.277159780115566*chi - 0.366647925807567) + 0.2*(0.403701338119332*chi + 0.534046672303876)*(0.562153748164438*chi + 0.743659508112968)) + a6*(3.286335345031*(-0.724307464291761*chi - 0.958168711631898)*(0.569716019164211*chi + 0.753663452319105) + 3.286335345031*(-0.650646067533526*chi - 0.860723843107923)*(0.308832993413638*chi + 0.408547648612067) + 3.286335345031*(0.144320789258236*chi + 0.190918458696927)*(0.200966568497193*chi + 0.2658537810408)),0.664085706281124*a1 + a2*(0.2*(-2.89860642169238*chi - 0.876455870226429)*(0.40370137826085*chi + 0.534046725406113) + 0.2*(-2.18909458511075*chi - 8.34379248681897)*(0.403701338119332*chi + 0.534046672303876) + 0.2*(-1.39529236673607*chi - 1.84579830430519)*(-0.989856573709963*chi - 1.30945716382952) + 0.2*(-1.257420337114*chi - 1.66341075273932)*(1.76444952815521*chi + 8.56795003546507) + 0.2*(-0.876241248611258*chi - 1.15915821616105)*(0.876456085974781*chi + 1.15944241927916) + 0.2*(-0.614425325496315*chi - 0.812808305241581)*(1.12687219456659*chi + 1.49071179308839) + 0.2*(-0.588463216408771*chi - 0.778463663163396)*(-0.43822805307416*chi - 2.81578922298312) + 0.2*(-0.277159780115566*chi - 0.366647925807567)*(1.16577923330075*chi + 6.02636803335784) + 0.2*(0.441919619084947*chi + 2.77201326601905)*(0.863883113010135*chi + 1.14280993942656) + 0.2*(0.882603285072408*chi + 2.92464952163208)*(1.63488931274843*chi + 2.16275527132482) + 0.2*(1.11742117574615*chi + 4.16710586140465)*(1.49071201282962*chi + 1.97202663118186)) + sqrt(21)*a4*(0.403701338119332*chi + 0.534046672303876)/5 + a6*(3.286335345031*(-1.03623428269138*chi - 0.313327678155236)*(0.144320803608586*chi + 0.190918477680656) + 3.286335345031*(-0.782588087906524*chi - 2.98285540175421)*(0.144320789258236*chi + 0.190918458696927) + 3.286335345031*(-0.498808590903946*chi - 0.659861741677198)*(-0.353867744495925*chi - 0.468123024471782) + 3.286335345031*(0.157983593792761*chi + 0.990977994400191)*(0.308832993413638*chi + 0.408547648612067) + 3.286335345031*(0.427052803289276*chi + 1.59257250385266)*(0.569716019164211*chi + 0.753663452319105)),-0.0262857672075349*a1 + a2*(0.2*(0.468094462915638 - 0.19161557988893*chi)*(-1.257420337114*chi - 1.66341075273932) + 0.2*(3.82328421560918 - 0.0958489336396198*chi)*(1.63488931274843*chi + 2.16275527132482) + 0.2*(-2.89860642169238*chi - 0.876455870226429)*(0.863883186569022*chi + 1.14281003673582) + 0.2*(-2.50311105544856*chi - 3.31130467834665)*(1.12687219456659*chi + 1.49071179308839) + 0.2*(-1.17548097142738*chi - 8.64513731505435)*(1.49071201282962*chi + 1.97202663118186) + 0.2*(-0.996408639365935*chi - 1.31812473197925)*(-0.989856573709963*chi - 1.30945716382952) + 0.2*(-0.896475554995765*chi - 1.1859256874837)*(0.876456085974781*chi + 1.15944241927916) + 0.2*(-0.43822805307416*chi - 2.81578922298312)*(1.18724087163409*chi + 1.57057204633768) + 0.2*(-0.277159780115566*chi - 0.366647925807567)*(0.442116252417863*chi + 2.28547268039561) + 0.2*(0.403701338119332*chi + 0.534046672303876)*(0.441919325418115*chi + 2.77201287753435) + 0.2*(0.634156790525299*chi + 6.28680313249481)*(0.863883113010135*chi + 1.14280993942656)) + sqrt(21)*a4*(0.863883113010135*chi + 1.14280993942656)/5 + a6*(3.286335345031*(-1.03623428269138*chi - 0.313327678155236)*(0.308833019710495*chi + 0.40854768339954) + 3.286335345031*(-0.449241928609471*chi - 3.30397365411428)*(0.569716019164211*chi + 0.753663452319105) + 3.286335345031*(-0.35621006838107*chi - 0.471221627716812)*(-0.353867744495925*chi - 0.468123024471782) + 3.286335345031*(0.144320789258236*chi + 0.190918458696927)*(0.157983488808642*chi + 0.990977855519257) + 3.286335345031*(0.226707221106677*chi + 2.2474941356885)*(0.308832993413638*chi + 0.408547648612067)),0.309874099991492*a1 + a2*(0.2*(-2.89860642169238*chi - 0.876455870226429)*(-0.989856556260002*chi - 1.30945714074539) + 0.2*(-1.63275056437839*chi - 2.15992597317278)*(-1.257420337114*chi - 1.66341075273932) + 0.2*(-1.45758520053101*chi - 1.92820397764663)*(-0.277159780115566*chi - 0.366647925807567) + 0.2*(-1.39529228987195*chi - 1.84579820262352)*(0.403701338119332*chi + 0.534046672303876) + 0.2*(-1.35789405128067*chi - 1.79632498323132)*(1.63488931274843*chi + 2.16275527132482) + 0.2*(-0.996408736747769*chi - 1.31812486080331)*(0.863883113010135*chi + 1.14280993942656) + 0.2*(-0.989856573709963*chi - 1.30945716382952)*(1.71550186758039*chi + 6.91774406280133) + 0.2*(-0.43822805307416*chi - 2.81578922298312)*(0.523782700964033*chi + 0.692899383894272) + 0.2*(0.356348469384094*chi + 0.471404715034413)*(1.49071201282962*chi + 1.97202663118186) + 0.2*(0.876456085974781*chi + 1.15944241927916)*(1.780861299437*chi + 6.09751548332881) + 0.2*(1.12687219456659*chi + 1.49071179308839)*(2.28967938836408*chi + 7.83966340514891)) + sqrt(21)*a4*(-0.989856573709963*chi - 1.30945716382952)/5 + a6*(3.286335345031*(-1.03623428269138*chi - 0.313327678155236)*(-0.35386773825767*chi - 0.468123016219346) + 3.286335345031*(-0.498808563425488*chi - 0.659861705326615)*(0.144320789258236*chi + 0.190918458696927) + 3.286335345031*(-0.356210103194487*chi - 0.471221673770633)*(0.308832993413638*chi + 0.408547648612067) + 3.286335345031*(-0.353867744495925*chi - 0.468123024471782)*(0.613281552784932*chi + 2.47305170619684) + 3.286335345031*(0.136188230634436*chi + 0.180160094876313)*(0.569716019164211*chi + 0.753663452319105)),-3.59259254593224*a1 + a2*(1.68038383757526*(-chi - 0.302371465014109)**2 + 0.342935612780889*(-0.755928946018455*chi - 1)**2 + 0.580273206765559*(-0.755928946018454*chi - 1)**2 + 1.58573378965358*(-0.155632406537123*chi - 1)**2 + 2.74482963545229*(0.755928946018454*chi + 1)**2) + sqrt(21)*a4*(-2.89860642169238*chi - 0.876455870226429)/5 + 6*a5 + a6*(3.52880605890805*(-chi - 0.302371465014109)**2 + 0.720164786839868*(-0.755928946018454*chi - 1)**2 + 0.668312570457414*(0.755928946018454*chi + 1)**2 + 1.86666673636342*(0.755928946018455*chi + 1)**2),0,0,0,0,0,0,0,0,0
0,0,0,0,0,0,0,0,0,-3.0000002414619*a1 + a2*(3.2999991391909*(1 - 1.13168344027081e-8*chi)**2 + 0.768253890135954*(-0.755928946018455*chi - 1)**2 + 0.587301669735248*(-0.755928946018454*chi - 1)**2 + 2.48068117566459*(-0.268152863049548*chi - 1)**2 + 11.4826513854414*(-0.197318432691568*chi - 1)**2 + 1.02800726400093*(-0.125381767337689*chi - 1)**2 + 10.6769140284577*(0.135970192507364*chi + 1)**2 + 1.67619090443294*(0.755928946018454*chi + 1)**2) + 3*sqrt(14)*a4*(1.14664959197721e-7*chi + 1.51687483065268e-7)/7 + 12*a5 + a6*(4.79047598811588*(-0.755928946018455*chi - 1)**2 + 0.0761905248605055*(-0.755928946018454*chi - 1)**2 + 5.95363482159501*(-0.268152863049548*chi - 1)**2 + 51.6719312344861*(-0.197318432691568*chi - 1)**2 + 4.62603268800419*(-0.125381767337689*chi - 1)**2 + 25.6245936682984*(0.135970192507364*chi + 1)**2 + 5.65714419633062*(0.755928946018454*chi + 1)**2),0,0,0,0,0,0,0,0
0,0,0,0,0,0,0,0,0,0,-2.76190471889715*a1 + a2*(3.18520400391105*(1 - 0.694146350791298*chi)**2 + 2.35982675880774*(-0.755928946018454*chi - 1)**2 + 5.68513127630478*(0.302371613477201*chi - 1)**2 + 6.95732721765753*(0.302371640134413*chi - 1)**2 + 0.00933441209491773*(0.755928946018454*chi + 1)**2) + sqrt(462)*a4*(5.35414195134939 - 3.71655809714778*chi)/9 + 20*a5 + a6*(24.5260708301151*(1 - 0.694146350791298*chi)**2 + 2.77333391685509*(-0.755928946018455*chi - 1)**2 + 9.44141349503261*(-0.755928946018454*chi - 1)**2 + 0.0718749731308665*(0.755928946018454*chi + 1)**2),0.777901151004577*a1 + a2*(0.111111111111111*(0.468094113892652 - 0.191615394056758*chi)*(-0.633197660909118*chi - 0.837641770756665) + 0.111111111111111*(5.35414195134939 - 3.71655809714778*chi)*(0.219101701168111*chi + 0.289844306561006) + 0.111111111111111*(-5.29257886065741*chi - 13.6977665524457)*(0.219101683965961*chi + 0.2898442838047) + 0.111111111111111*(-2.11818583328499*chi - 2.8020964727461)*(1.88938247199761*chi + 5.77866907230529) + 0.111111111111111*(-1.86578913125519*chi - 2.46820702009424)*(2.39267397144591*chi - 7.91302375574077) + 0.111111111111111*(-1.76434844154129*chi - 2.33401360119132)*(0.3363424856297*chi + 2.68254574665364) + 0.111111111111111*(-1.40746324916626*chi - 1.86189886837843)*(2.61858277459303*chi + 6.57317971607549) + 0.111111111111111*(-1.27749424111452*chi - 1.68996603165311)*(1.76444942520349*chi + 8.56795076603625) + 0.111111111111111*(-0.723001828024126*chi - 0.956441517198463)*(2.3667077565204*chi + 8.5944679753106) + 0.111111111111111*(-0.617908923112455*chi - 0.817416671721644)*(2.16288047842045*chi - 7.1530539971919)) + sqrt(462)*a4*(0.219101683965961*chi + 0.2898442838047)/9 + a6*(4.47213595499958*(2.34183606593442 - 1.62557695931983*chi)*(0.0958323986486298*chi + 0.126774347183538) + 4.47213595499958*(-2.31490912462004*chi - 5.99123520196977)*(0.0958323911246202*chi + 0.126774337230209) + 4.47213595499958*(-0.926468521718587*chi - 1.22560265299851)*(0.826392735843176*chi + 2.52751902538066) + 4.47213595499958*(-0.595284477606835*chi - 0.787487343542342)*(1.10752567071805*chi + 2.78011653648345) + 4.47213595499958*(-0.589945457440499*chi - 0.780424483739899)*(0.112462888208267*chi + 0.89696323036518)),0.0895637983823851*a1 + a2*(0.111111111111111*(3.14472716720761 - 0.799337451833577*chi)*(-0.723001828024126*chi - 0.956441517198463) + 0.111111111111111*(3.82328435376455 - 0.0958491638151141*chi)*(-0.633197660909118*chi - 0.837641770756665) + 0.111111111111111*(5.35414195134939 - 3.71655809714778*chi)*(-2.11818575393983*chi - 2.80209636778232) + 0.111111111111111*(-3.28732669157429*chi - 10.5642990724616)*(-1.40746324916626*chi - 1.86189886837843) + 0.111111111111111*(-2.19631863145252*chi - 6.04735147354101)*(-2.11818583328499*chi - 2.8020964727461) + 0.111111111111111*(-1.76434844154129*chi - 2.33401360119132)*(1.76904039109301*chi + 8.96540849658236) + 0.111111111111111*(-1.43500865967499*chi - 1.89833802136208)*(2.39267397144591*chi - 7.91302375574077) + 0.111111111111111*(-1.27749424111452*chi - 1.68996603165311)*(0.882603368952667*chi + 2.92465016213088) + 0.111111111111111*(-0.919607160268256*chi - 1.21652592497206)*(2.16288047842045*chi - 7.1530539971919) + 0.111111111111111*(0.219101683965961*chi + 0.2898442838047)*(1.88938281389767*chi + 5.77866952459655)) + sqrt(462)*a4*(-2.11818583328499*chi - 2.8020964727461)/9 + a6*(4.47213595499958*(2.34183606593442 - 1.62557695931983*chi)*(-0.926468487013987*chi - 1.22560260708864) + 4.47213595499958*(-1.39036991088472*chi - 4.4681545030451)*(-0.595284477606835*chi - 0.787487343542342) + 4.47213595499958*(-0.96064284999447*chi - 2.64503741454797)*(-0.926468521718587*chi - 1.22560265299851) + 4.47213595499958*(-0.589945457440499*chi - 0.780424483739899)*(0.591514305327574*chi + 2.99776500612135) + 4.47213595499958*(0.0958323911246202*chi + 0.126774337230209)*(0.826392885386071*chi + 2.52751922320732)),a2*(0.111111111111111*(-3.0404680210813*chi - 4.02216112651291)*(-0.723001828024126*chi - 0.956441517198463) + 0.111111111111111*(-2.50311086295927*chi - 3.31130442370726)*(-0.633197660909118*chi - 0.837641770756665) + 0.111111111111111*(-2.11818583328499*chi - 2.8020964727461)*(-1.92745381915275*chi - 2.54978173451991) + 0.111111111111111*(-1.76434844154129*chi - 2.33401360119132)*(1.7530020819611*chi + 2.31900377832376) + 0.111111111111111*(-1.40746324916626*chi - 1.86189886837843)*(1.39841183074984*chi + 1.84992496730731) + 0.111111111111111*(-1.27749424111452*chi - 1.68996603165311)*(-0.614425016601119*chi - 0.812807896611647) + 0.111111111111111*(-0.984288252198857*chi - 1.3020909668603)*(0.219101683965961*chi + 0.2898442838047)) + a6*(4.47213595499958*(-0.926468521718587*chi - 1.22560265299851)*(-0.843044676463489*chi - 1.11524327901965) + 4.47213595499958*(-0.595284477606835*chi - 0.787487343542342)*(0.591456193716074*chi + 0.782422999980788) + 4.47213595499958*(-0.589945457440499*chi - 0.780424483739899)*(0.586151573457483*chi + 0.775405646978855) + 4.47213595499958*(-0.430515617482631*chi - 0.569518629694226)*(0.0958323911246202*chi + 0.126774337230209)),0,0,0,0
0,0,0,0,0,0,0,0,0,0,0.777901077617857*a1 + a2*(0.111111111111111*(0.468094113892652 - 0.191615394056758*chi)*(-0.633197660909118*chi - 0.837641770756665) + 0.111111111111111*(5.35414195134939 - 3.71655809714778*chi)*(0.219101701168111*chi + 0.289844306561006) + 0.111111111111111*(-5.29257886065741*chi - 13.6977665524457)*(0.219101683965961*chi + 0.2898442838047) + 0.111111111111111*(-2.11818583328499*chi - 2.8020964727461)*(1.88938247199761*chi + 5.77866907230529) + 0.111111111111111*(-1.86578913125519*chi - 2.46820702009424)*(2.39267397144591*chi - 7.91302375574077) + 0.111111111111111*(-1.76434844154129*chi - 2.33401360119132)*(0.3363424856297*chi + 2.68254574665364) + 0.111111111111111*(-1.40746324916626*chi - 1.86189886837843)*(2.61858277459303*chi + 6.57317971607549) + 0.111111111111111*(-1.27749424111452*chi - 1.68996603165311)*(1.76444942520349*chi + 8.56795076603625) + 0.111111111111111*(-0.723001828024126*chi - 0.956441517198463)*(2.3667077565204*chi + 8.5944679753106) + 0.111111111111111*(-0.617908923112455*chi - 0.817416671721644)*(2.16288047842045*chi - 7.1530539971919)) + sqrt(462)*a4*(0.219101701168111*chi + 0.289844306561006)/9 + a6*(4.47213595499958*(2.34183606593442 - 1.62557695931983*chi)*(0.0958323986486298*chi + 0.126774347183538) + 4.47213595499958*(-2.31490912462004*chi - 5.99123520196977)*(0.0958323911246202*chi + 0.126774337230209) + 4.47213595499958*(-0.926468521718587*chi - 1.22560265299851)*(0.826392735843176*chi + 2.52751902538066) + 4.47213595499958*(-0.595284477606835*chi - 0.787487343542342)*(1.10752567071805*chi + 2.78011653648345) + 4.47213595499958*(-0.589945457440499*chi - 0.780424483739899)*(0.112462888208267*chi + 0.89696323036518)),-3.20929961879838*a1 + a2*(0.0243457888289942*(1 - 0.409352282734966*chi)**2 + 0.984331141986701*(-0.755928946018455*chi - 1)**2 + 0.780987981167059*(-0.755928946018454*chi - 1)**2 + 20.8476453917001*(-0.386382615033867*chi - 1)**2 + 0.799561298098838*(0.12538182659113*chi + 1)**2 + 8.15664225880236*(0.205935990225089*chi + 1)**2 + 8.20720886429328*(0.275375714159301*chi + 1)**2 + 3.71033513857974*(0.326958067395246*chi + 1)**2 + 4.80074350886958*(0.398373829364345*chi + 1)**2 + 0.0093344135606478*(0.755928946018454*chi + 1)**2) + sqrt(462)*a4*(-5.29257886065741*chi - 13.6977665524457)/9 + 20*a5 + a6*(1.45054326736348*(-0.755928946018454*chi - 1)**2 + 160.526869516091*(-0.386382615033867*chi - 1)**2 + 3.59802584144477*(0.12538182659113*chi + 1)**2 + 28.569580567064*(0.326958067395246*chi + 1)**2 + 34.565353263861*(0.398373829364345*chi + 1)**2 + 0.071874984416988*(0.755928946018455*chi + 1)**2),0.45262437956668*a1 + a2*(0.111111111111111*(0.468094113892652 - 0.191615394056758*chi)*(3.82328435376455 - 0.0958491638151141*chi) + 0.111111111111111*(3.14472716720761 - 0.799337451833577*chi)*(2.3667077565204*chi + 8.5944679753106) + 0.111111111111111*(-5.29257886065741*chi - 13.6977665524457)*(1.88938281389767*chi + 5.77866952459655) + 0.111111111111111*(-3.28732669157429*chi - 10.5642990724616)*(2.61858277459303*chi + 6.57317971607549) + 0.111111111111111*(-2.19631863145252*chi - 6.04735147354101)*(1.88938247199761*chi + 5.77866907230529) + 0.111111111111111*(-2.11818575393983*chi - 2.80209636778232)*(0.219101701168111*chi + 0.289844306561006) + 0.111111111111111*(-1.92745352510916*chi - 2.54978134553681)*(-0.984288048034906*chi - 1.30209069677678) + 0.111111111111111*(-1.86578913125519*chi - 2.46820702009424)*(-1.43500865967499*chi - 1.89833802136208) + 0.111111111111111*(-1.6327508134018*chi - 2.15992630259979)*(-1.35789387949981*chi - 1.79632475598661) + 0.111111111111111*(-1.25742012159542*chi - 1.66341046763505)*(1.634889339429*chi + 2.1627553066199) + 0.111111111111111*(-0.919607160268256*chi - 1.21652592497206)*(-0.617908923112455*chi - 0.817416671721644) + 0.111111111111111*(0.3363424856297*chi + 2.68254574665364)*(1.76904039109301*chi + 8.96540849658236) + 0.111111111111111*(0.882603368952667*chi + 2.92465016213088)*(1.76444942520349*chi + 8.56795076603625)) + sqrt(462)*a4*(1.88938247199761*chi + 5.77866907230529)/9 + a6*(4.47213595499958*(-2.31490912462004*chi - 5.99123520196977)*(0.826392885386071*chi + 2.52751922320732) + 4.47213595499958*(-1.39036991088472*chi - 4.4681545030451)*(1.10752567071805*chi + 2.78011653648345) + 4.47213595499958*(-0.96064284999447*chi - 2.64503741454797)*(0.826392735843176*chi + 2.52751902538066) + 4.47213595499958*(-0.926468487013987*chi - 1.22560260708864)*(0.0958323986486298*chi + 0.126774347183538) + 4.47213595499958*(-0.843044547852429*chi - 1.11524310888321)*(-0.430515528183821*chi - 0.569518511563004) + 4.47213595499958*(0.112462888208267*chi + 0.89696323036518)*(0.591514305327574*chi + 2.99776500612135)),0.366328167467367*a1 + a2*(0.111111111111111*(0.468094113892652 - 0.191615394056758*chi)*(-2.50311086295927*chi - 3.31130442370726) + 0.111111111111111*(-5.29257886065741*chi - 13.6977665524457)*(-0.984288252198857*chi - 1.3020909668603) + 0.111111111111111*(-3.0404680210813*chi - 4.02216112651291)*(2.3667077565204*chi + 8.5944679753106) + 0.111111111111111*(-1.92745381915275*chi - 2.54978173451991)*(1.88938247199761*chi + 5.77866907230529) + 0.111111111111111*(-1.6327508134018*chi - 2.15992630259979)*(2.28967936224387*chi + 7.83966312099727) + 0.111111111111111*(-1.25742012159542*chi - 1.66341046763505)*(1.1268724053849*chi + 1.4907120719748) + 0.111111111111111*(-0.984288048034906*chi - 1.30209069677678)*(0.499432938382022*chi + 6.60687534078558) + 0.111111111111111*(-0.614425016601119*chi - 0.812807896611647)*(1.76444942520349*chi + 8.56795076603625) + 0.111111111111111*(0.3363424856297*chi + 2.68254574665364)*(1.7530020819611*chi + 2.31900377832376) + 0.111111111111111*(1.39841183074984*chi + 1.84992496730731)*(2.61858277459303*chi + 6.57317971607549)) + sqrt(462)*a4*(-0.984288048034906*chi - 1.30209069677678)/9 + a6*(4.47213595499958*(-2.31490912462004*chi - 5.99123520196977)*(-0.430515617482631*chi - 0.569518629694226) + 4.47213595499958*(-0.843044676463489*chi - 1.11524327901965)*(0.826392735843176*chi + 2.52751902538066) + 4.47213595499958*(-0.430515528183821*chi - 0.569518511563004)*(0.218445845897652*chi + 2.88976629621951) + 4.47213595499958*(0.112462888208267*chi + 0.89696323036518)*(0.586151573457483*chi + 0.775405646978855) + 4.47213595499958*(0.591456193716074*chi + 0.782422999980788)*(1.10752567071805*chi + 2.78011653648345)),0,0,0,0
0,0,0,0,0,0,0,0,0,0,0.0895637148461957*a1 + a2*(0.111111111111111*(3.14472716720761 - 0.799337451833577*chi)*(-0.723001828024126*chi - 0.956441517198463) + 0.111111111111111*(3.82328435376455 - 0.0958491638151141*chi)*(-0.633197660909118*chi - 0.837641770756665) + 0.111111111111111*(5.35414195134939 - 3.71655809714778*chi)*(-2.11818575393983*chi - 2.80209636778232) + 0.111111111111111*(-3.28732669157429*chi - 10.5642990724616)*(-1.40746324916626*chi - 1.86189886837843) + 0.111111111111111*(-2.19631863145252*chi - 6.04735147354101)*(-2.11818583328499*chi - 2.8020964727461) + 0.111111111111111*(-1.76434844154129*chi - 2.33401360119132)*(1.76904039109301*chi + 8.96540849658236) + 0.111111111111111*(-1.43500865967499*chi - 1.89833802136208)*(2.39267397144591*chi - 7.91302375574077) + 0.111111111111111*(-1.27749424111452*chi - 1.68996603165311)*(0.882603368952667*chi + 2.92465016213088) + 0.111111111111111*(-0.919607160268256*chi - 1.21652592497206)*(2.16288047842045*chi - 7.1530539971919) + 0.111111111111111*(0.219101683965961*chi + 0.2898442838047)*(1.88938281389767*chi + 5.77866952459655)) + sqrt(462)*a4*(-2.11818575393983*chi - 2.80209636778232)/9 + a6*(4.47213595499958*(2.34183606593442 - 1.62557695931983*chi)*(-0.926468487013987*chi - 1.22560260708864) + 4.47213595499958*(-1.39036991088472*chi - 4.4681545030451)*(-0.595284477606835*chi - 0.787487343542342) + 4.47213595499958*(-0.96064284999447*chi - 2.64503741454797)*(-0.926468521718587*chi - 1.22560265299851) + 4.47213595499958*(-0.589945457440499*chi - 0.780424483739899)*(0.591514305327574*chi + 2.99776500612135) + 4.47213595499958*(0.0958323911246202*chi + 0.126774337230209)*(0.826392885386071*chi + 2.52751922320732)),0.452624767960598*a1 + a2*(0.111111111111111*(0.468094113892652 - 0.191615394056758*chi)*(3.82328435376455 - 0.0958491638151141*chi) + 0.111111111111111*(3.14472716720761 - 0.799337451833577*chi)*(2.3667077565204*chi + 8.5944679753106) + 0.111111111111111*(-5.29257886065741*chi - 13.6977665524457)*(1.88938281389767*chi + 5.77866952459655) + 0.111111111111111*(-3.28732669157429*chi - 10.5642990724616)*(2.61858277459303*chi + 6.57317971607549) + 0.111111111111111*(-2.19631863145252*chi - 6.04735147354101)*(1.88938247199761*chi + 5.77866907230529) + 0.111111111111111*(-2.11818575393983*chi - 2.80209636778232)*(0.219101701168111*chi + 0.289844306561006) + 0.111111111111111*(-1.92745352510916*chi - 2.54978134553681)*(-0.984288048034906*chi - 1.30209069677678) + 0.111111111111111*(-1.86578913125519*chi - 2.46820702009424)*(-1.43500865967499*chi - 1.89833802136208) + 0.111111111111111*(-1.6327508134018*chi - 2.15992630259979)*(-1.35789387949981*chi - 1.79632475598661) + 0.111111111111111*(-1.25742012159542*chi - 1.66341046763505)*(1.634889339429*chi + 2.1627553066199) + 0.111111111111111*(-0.919607160268256*chi - 1.21652592497206)*(-0.617908923112455*chi - 0.817416671721644) + 0.111111111111111*(0.3363424856297*chi + 2.68254574665364)*(1.76904039109301*chi + 8.96540849658236) + 0.111111111111111*(0.882603368952667*chi + 2.92465016213088)*(1.76444942520349*chi + 8.56795076603625)) + sqrt(462)*a4*(1.88938281389767*chi + 5.77866952459655)/9 + a6*(4.47213595499958*(-2.31490912462004*chi - 5.99123520196977)*(0.826392885386071*chi + 2.52751922320732) + 4.47213595499958*(-1.39036991088472*chi - 4.4681545030451)*(1.10752567071805*chi + 2.78011653648345) + 4.47213595499958*(-0.96064284999447*chi - 2.64503741454797)*(0.826392735843176*chi + 2.52751902538066) + 4.47213595499958*(-0.926468487013987*chi - 1.22560260708864)*(0.0958323986486298*chi + 0.126774347183538) + 4.47213595499958*(-0.843044547852429*chi - 1.11524310888321)*(-0.430515528183821*chi - 0.569518511563004) + 4.47213595499958*(0.112462888208267*chi + 0.89696323036518)*(0.591514305327574*chi + 2.99776500612135)),-3.47324016824824*a1 + a2*(1.09881210624151*(1 - 0.254183402671258*chi)**2 + 1.62416702774898*(1 - 0.0250698496230701*chi)**2 + 2.5181704625372*(-0.755928946018454*chi - 1)**2 + 4.06338442717096*(-0.363186866359938*chi - 1)**2 + 12.4004905436015*(-0.311173194646059*chi - 1)**2 + 8.93094994562125*(0.197318436942095*chi + 1)**2 + 0.950397618983578*(0.301780835322064*chi + 1)**2 + 3.71033571938899*(0.326958100970411*chi + 1)**2 + 0.519723390701391*(0.755928946018454*chi + 1)**2) + sqrt(462)*a4*(-2.19631863145252*chi - 6.04735147354101)/9 + 20*a5 + a6*(12.2798992250861*(-0.755928946018455*chi - 1)**2 + 31.2880600892164*(-0.363186866359938*chi - 1)**2 + 89.2835319139311*(-0.311173194646059*chi - 1)**2 + 40.1892747552956*(0.197318436942095*chi + 1)**2 + 28.5695850392952*(0.326958100970411*chi + 1)**2),0.480869980798444*a1 + a2*(0.111111111111111*(3.14472716720761 - 0.799337451833577*chi)*(-3.0404680210813*chi - 4.02216112651291) + 0.111111111111111*(3.82328435376455 - 0.0958491638151141*chi)*(-2.50311086295927*chi - 3.31130442370726) + 0.111111111111111*(-3.28732669157429*chi - 10.5642990724616)*(1.39841183074984*chi + 1.84992496730731) + 0.111111111111111*(-2.19631863145252*chi - 6.04735147354101)*(-1.92745381915275*chi - 2.54978173451991) + 0.111111111111111*(-1.92745352510916*chi - 2.54978134553681)*(0.499432938382022*chi + 6.60687534078558) + 0.111111111111111*(-1.35789387949981*chi - 1.79632475598661)*(2.28967936224387*chi + 7.83966312099727) + 0.111111111111111*(-0.984288252198857*chi - 1.3020909668603)*(1.88938281389767*chi + 5.77866952459655) + 0.111111111111111*(-0.614425016601119*chi - 0.812807896611647)*(0.882603368952667*chi + 2.92465016213088) + 0.111111111111111*(1.1268724053849*chi + 1.4907120719748)*(1.634889339429*chi + 2.1627553066199) + 0.111111111111111*(1.7530020819611*chi + 2.31900377832376)*(1.76904039109301*chi + 8.96540849658236)) + sqrt(462)*a4*(-1.92745352510916*chi - 2.54978134553681)/9 + a6*(4.47213595499958*(-1.39036991088472*chi - 4.4681545030451)*(0.591456193716074*chi + 0.782422999980788) + 4.47213595499958*(-0.96064284999447*chi - 2.64503741454797)*(-0.843044676463489*chi - 1.11524327901965) + 4.47213595499958*(-0.843044547852429*chi - 1.11524310888321)*(0.218445845897652*chi + 2.88976629621951) + 4.47213595499958*(-0.430515617482631*chi - 0.569518629694226)*(0.826392885386071*chi + 2.52751922320732) + 4.47213595499958*(0.586151573457483*chi + 0.775405646978855)*(0.591514305327574*chi + 2.99776500612135)),0,0,0,0
0,0,0,0,0,0,0,0,0,0,a2*(0.111111111111111*(-3.0404680210813*chi - 4.02216112651291)*(-0.723001828024126*chi - 0.956441517198463) + 0.111111111111111*(-2.50311086295927*chi - 3.31130442370726)*(-0.633197660909118*chi - 0.837641770756665) + 0.111111111111111*(-2.11818583328499*chi - 2.8020964727461)*(-1.92745381915275*chi - 2.54978173451991) + 0.111111111111111*(-1.76434844154129*chi - 2.33401360119132)*(1.7530020819611*chi + 2.31900377832376) + 0.111111111111111*(-1.40746324916626*chi - 1.86189886837843)*(1.39841183074984*chi + 1.84992496730731) + 0.111111111111111*(-1.27749424111452*chi - 1.68996603165311)*(-0.614425016601119*chi - 0.812807896611647) + 0.111111111111111*(-0.984288252198857*chi - 1.3020909668603)*(0.219101683965961*chi + 0.2898442838047)) + a6*(4.47213595499958*(-0.926468521718587*chi - 1.22560265299851)*(-0.843044676463489*chi - 1.11524327901965) + 4.47213595499958*(-0.595284477606835*chi - 0.787487343542342)*(0.591456193716074*chi + 0.782422999980788) + 4.47213595499958*(-0.589945457440499*chi - 0.780424483739899)*(0.586151573457483*chi + 0.775405646978855) + 4.47213595499958*(-0.430515617482631*chi - 0.569518629694226)*(0.0958323911246202*chi + 0.126774337230209)),0.366327943094177*a1 + a2*(0.111111111111111*(0.468094113892652 - 0.191615394056758*chi)*(-2.50311086295927*chi - 3.31130442370726) + 0.111111111111111*(-5.29257886065741*chi - 13.6977665524457)*(-0.984288252198857*chi - 1.3020909668603) + 0.111111111111111*(-3.0404680210813*chi - 4.02216112651291)*(2.3667077565204*chi + 8.5944679753106) + 0.111111111111111*(-1.92745381915275*chi - 2.54978173451991)*(1.88938247199761*chi + 5.77866907230529) + 0.111111111111111*(-1.6327508134018*chi - 2.15992630259979)*(2.28967936224387*chi + 7.83966312099727) + 0.111111111111111*(-1.25742012159542*chi - 1.66341046763505)*(1.1268724053849*chi + 1.4907120719748) + 0.111111111111111*(-0.984288048034906*chi - 1.30209069677678)*(0.499432938382022*chi + 6.60687534078558) + 0.111111111111111*(-0.614425016601119*chi - 0.812807896611647)*(1.76444942520349*chi + 8.56795076603625) + 0.111111111111111*(0.3363424856297*chi + 2.68254574665364)*(1.7530020819611*chi + 2.31900377832376) + 0.111111111111111*(1.39841183074984*chi + 1.84992496730731)*(2.61858277459303*chi + 6.57317971607549)) + sqrt(462)*a4*(-0.984288252198857*chi - 1.3020909668603)/9 + a6*(4.47213595499958*(-2.31490912462004*chi - 5.99123520196977)*(-0.430515617482631*chi - 0.569518629694226) + 4.47213595499958*(-0.843044676463489*chi - 1.11524327901965)*(0.826392735843176*chi + 2.52751902538066) + 4.47213595499958*(-0.430515528183821*chi - 0.569518511563004)*(0.218445845897652*chi + 2.88976629621951) + 4.47213595499958*(0.112462888208267*chi + 0.89696323036518)*(0.586151573457483*chi + 0.775405646978855) + 4.47213595499958*(0.591456193716074*chi + 0.782422999980788)*(1.10752567071805*chi + 2.78011653648345)),0.480870015542077*a1 + a2*(0.111111111111111*(3.14472716720761 - 0.799337451833577*chi)*(-3.0404680210813*chi - 4.02216112651291) + 0.111111111111111*(3.82328435376455 - 0.0958491638151141*chi)*(-2.50311086295927*chi - 3.31130442370726) + 0.111111111111111*(-3.28732669157429*chi - 10.5642990724616)*(1.39841183074984*chi + 1.84992496730731) + 0.111111111111111*(-2.19631863145252*chi - 6.04735147354101)*(-1.92745381915275*chi - 2.54978173451991) + 0.111111111111111*(-1.92745352510916*chi - 2.54978134553681)*(0.499432938382022*chi + 6.60687534078558) + 0.111111111111111*(-1.35789387949981*chi - 1.79632475598661)*(2.28967936224387*chi + 7.83966312099727) + 0.111111111111111*(-0.984288252198857*chi - 1.3020909668603)*(1.88938281389767*chi + 5.77866952459655) + 0.111111111111111*(-0.614425016601119*chi - 0.812807896611647)*(0.882603368952667*chi + 2.92465016213088) + 0.111111111111111*(1.1268724053849*chi + 1.4907120719748)*(1.634889339429*chi + 2.1627553066199) + 0.111111111111111*(1.7530020819611*chi + 2.31900377832376)*(1.76904039109301*chi + 8.96540849658236)) + sqrt(462)*a4*(-1.92745381915275*chi - 2.54978173451991)/9 + a6*(4.47213595499958*(-1.39036991088472*chi - 4.4681545030451)*(0.591456193716074*chi + 0.782422999980788) + 4.47213595499958*(-0.96064284999447*chi - 2.64503741454797)*(-0.843044676463489*chi - 1.11524327901965) + 4.47213595499958*(-0.843044547852429*chi - 1.11524310888321)*(0.218445845897652*chi + 2.88976629621951) + 4.47213595499958*(-0.430515617482631*chi - 0.569518629694226)*(0.826392885386071*chi + 2.52751922320732) + 4.47213595499958*(0.586151573457483*chi + 0.775405646978855)*(0.591514305327574*chi + 2.99776500612135)),-3.55555573838369*a1 + a2*(0.188382320664355*(-0.755928946018455*chi - 1)**2 + 3.81161785384227*(-0.755928946018454*chi - 1)**2 + 4.85008908540895*(0.0755929108120023*chi + 1)**2 + 6.82892420563607*(0.292063488813866*chi + 1)**2 + 0.977777878727426*(0.755928946018454*chi + 1)**2 + 0.246913609059045*(0.755928946018455*chi + 1)**2) + sqrt(462)*a4*(0.499432938382022*chi + 6.60687534078558)/9 + 20*a5 + a6*(5.56229767571374*(-0.755928946018455*chi - 1)**2 + 1.45054386911553*(-0.755928946018454*chi - 1)**2 + 37.3456859576489*(0.0755929108120023*chi + 1)**2 + 2.73777790773355*(0.755928946018454*chi + 1)**2 + 2.68888926193995*(0.755928946018455*chi + 1)**2),0,0,0,0
0,0,0,0,0,0,0,0,0,0,0,0,0,0,-3.99999997658524*a1 + a2*(0.31111102533065*(-0.755928946018454*chi - 1)**2 + 3.92788322400728*(-0.398373780479491*chi - 1)**2 + 7.79999815365372*(-0.377964471173451*chi - 1)**2 + 9.72467460515683*(-0.314970410016772*chi - 1)**2 + 2.10000028789867*(3.45831770665418e-8*chi + 1)**2 + 10.1458546962715*(0.311173200534572*chi + 1)**2 + 0.315151406615241*(0.755928946018454*chi + 1)**2 + 0.67532474077714*(0.755928946018455*chi + 1)**2) + 3*sqrt(143)*a4*(-3.50101982808946*chi - 9.26282784522043)/11 + 30*a5 + a6*(2.23999938238068*(-0.755928946018454*chi - 1)**2 + 28.2807592128524*(-0.398373780479491*chi - 1)**2 + 91.2599783977485*(-0.377964471173451*chi - 1)**2 + 102.109083354147*(-0.314970410016772*chi - 1)**2 + 73.0501538131549*(0.311173200534572*chi + 1)**2 + 2.26909012762974*(0.755928946018454*chi + 1)**2 + 7.09090977815997*(0.755928946018455*chi + 1)**2),0,0,0
0,0,0,0,0,0,0,0,0,0,0,0,0,0,0,-3.28571425028397*a1 + a2*(3.20927629587621*(0.568978955102134 - chi)**2 + 0.468618707831892*(-0.755928946018455*chi - 1)**2 + 1.08240162134247*(-0.755928946018454*chi - 1)**2 + 3.73626403600345*(0.302371530099356*chi - 1)**2 + 4.81661134590175*(0.302371551588714*chi - 1)**2) + sqrt(3003)*a4*(3.67511923410527 - 6.4591479195317*chi)/13 + 42*a5 + a6*(52.9530588819575*(0.568978955102134 - chi)**2 + 9.85714311312242*(-0.755928946018455*chi - 1)**2),0.451753786938031*a1 + a2*(0.0769230769230769*(3.14472782217909 - 0.799337220078718*chi)*(-1.43500891237939*chi - 1.89833835565858) + 0.0769230769230769*(3.67511923410527 - 6.4591479195317*chi)*(-1.31778226513899*chi - 1.74326207784457) + 0.0769230769230769*(-5.20899053628302*chi - 10.1065756011366)*(-1.31778199437255*chi - 1.74326171965424) + 0.0769230769230769*(-3.33197268269988*chi - 4.40778554684231)*(2.10732419523658*chi - 6.96932080392665) + 0.0769230769230769*(-2.06031497476559*chi - 2.72554052284603)*(3.25764383919282*chi + 10.342699838605) + 0.0769230769230769*(-1.86578871898563*chi - 2.46820647471288)*(2.36670774174988*chi + 8.59446790175353) + 0.0769230769230769*(-0.723001560171074*chi - 0.956441162862181)*(2.39267331926884*chi - 7.91302391609697)) + sqrt(3003)*a4*(-1.31778199437255*chi - 1.74326171965424)/13 + a6*(5.3923022056375*(1.78301344404 - 3.13370719259721*chi)*(-0.639332589064237*chi - 0.845757517861512) + 5.3923022056375*(-2.52718335499961*chi - 4.90328585881114)*(-0.639332457699736*chi - 0.845757344082612) + 5.3923022056375*(-0.797387605176295*chi - 1.05484465091092)*(1.2607804395281*chi + 4.00285429964455)),0
0,0,0,0,0,0,0,0,0,0,0,0,0,0,0,0.451754012731552*a1 + a2*(0.0769230769230769*(3.14472782217909 - 0.799337220078718*chi)*(-1.43500891237939*chi - 1.89833835565858) + 0.0769230769230769*(3.67511923410527 - 6.4591479195317*chi)*(-1.31778226513899*chi - 1.74326207784457) + 0.0769230769230769*(-5.20899053628302*chi - 10.1065756011366)*(-1.31778199437255*chi - 1.74326171965424) + 0.0769230769230769*(-3.33197268269988*chi - 4.40778554684231)*(2.10732419523658*chi - 6.96932080392665) + 0.0769230769230769*(-2.06031497476559*chi - 2.72554052284603)*(3.25764383919282*chi + 10.342699838605) + 0.0769230769230769*(-1.86578871898563*chi - 2.46820647471288)*(2.36670774174988*chi + 8.59446790175353) + 0.0769230769230769*(-0.723001560171074*chi - 0.956441162862181)*(2.39267331926884*chi - 7.91302391609697)) + sqrt(3003)*a4*(-1.31778226513899*chi - 1.74326207784457)/13 + a6*(5.3923022056375*(1.78301344404 - 3.13370719259721*chi)*(-0.639332589064237*chi - 0.845757517861512) + 5.3923022056375*(-2.52718335499961*chi - 4.90328585881114)*(-0.639332457699736*chi - 0.845757344082612) + 5.3923022056375*(-0.797387605176295*chi - 1.05484465091092)*(1.2607804395281*chi + 4.00285429964455)),-3.71428584440546*a1 + a2*(0.760716390429789*(1 - 0.254183276034627*chi)**2 + 3.04308423225059*(-0.755928946018454*chi - 1)**2 + 7.85714387549919*(-0.515406082323*chi - 1)**2 + 5.68191373186705*(0.275375714797538*chi + 1)**2 + 8.22857230395998*(0.314970354938987*chi + 1)**2) + sqrt(3003)*a4*(-5.20899053628302*chi - 10.1065756011366)/13 + 42*a5 + a6*(3.85714492991084*(-0.755928946018455*chi - 1)**2 + 129.642873945737*(-0.515406082323*chi - 1)**2 + 86.4000091915798*(0.314970354938987*chi + 1)**2),0
0,0,0,0,0,0,0,0,0,0,0,0,0,0,0,0,0,-4.00000011278465*a1 + a2*(6.51428608164143*(-chi - 1.25112271977597e-7)**2 + 1.1428571812585*(-0.755928946018454*chi - 1)**2 + 2.85714167174771*(0.302371697066582*chi - 1)**2) + 6*sqrt(323)*a4*(-10.5234435137888*chi - 1.31661192703802e-6)/17 + 72*a5 + 185.657153326781*a6*(-chi - 1.25112271937024e-7)**2
