aF*(0.0115360840741122*sqrt(858)*(chi + 1.3228756555323) - 0.0467263793990873*sqrt(858)),-0.00306069547916515*sqrt(858)*aF*(chi + 1.3228756555323),0.00858575836018482*sqrt(858)*aF*(chi + 1.3228756555323),0,0,0,0,0,0,aF*(0.00298170030453988*sqrt(3315) + 0.00281117362190304*sqrt(6630))*(chi + 1.3228756555323),0,0,aF*((-0.00506906673173748*sqrt(2431) - 0.00891601055300847*sqrt(442))*(chi + 1.3228756555323) + 0.0908197586738009*sqrt(442)),aF*(0.00115037211841892*sqrt(442) + 0.00163916533527222*sqrt(2431))*(chi + 1.3228756555323),aF*(-0.00221620505161867*sqrt(442) + 0.00438302797856815*sqrt(2431))*(chi + 1.3228756555323),0,0,0,0,0,0,0,0,0,0,0,0,0,0,0,0,0,0,0,0,0,0,0,0,0,0
-0.00306069492436098*sqrt(858)*aF*(chi + 1.3228756555323),aF*(0.011052799558*sqrt(858)*(chi + 1.3228756555323) + 0.0362760211028232*sqrt(858)),aF*(-0.00185279928967913*sqrt(858)*(chi + 1.3228756555323) - 0.00875927366368722*sqrt(858)),-0.00291245981397107*sqrt(858)*aF*(chi + 1.3228756555323),0.00802148044236284*sqrt(858)*aF*(chi + 1.3228756555323),0,-0.00233204311220816*sqrt(858)*aF*(chi + 1.3228756555323),0,0,aF*((-0.000979583033543043*sqrt(6630) - 0.00103900420891045*sqrt(3315))*(chi + 1.3228756555323) - 0.00553527657614097*sqrt(6630)),aF*(0.00261191239808108*sqrt(3315) + 0.00246253489436331*sqrt(6630))*(chi + 1.3228756555323),0,aF*(0.00248516576209683*sqrt(442) + 0.00253068548459955*sqrt(2431))*(chi + 1.3228756555323),aF*((chi + 1.3228756555323)*(-0.00436353715890847*sqrt(2431) - 0.00847856010933917*sqrt(442) - 5.21471246855814e-6*sqrt(221)) - 0.0690589474478717*sqrt(442)),aF*((chi + 1.3228756555323)*(-0.00218799371366585*sqrt(2431) + 0.000153634302570348*sqrt(221) + 0.00088191044260972*sqrt(442)) - 0.0105538907416312*sqrt(442)),aF*(chi + 1.3228756555323)*(1.34842951384434e-5*sqrt(221) + 0.00065989865493268*sqrt(442) + 0.00195061570718287*sqrt(2431)),aF*(chi + 1.3228756555323)*(-0.0015644464299901*sqrt(442) - 2.9946103667606e-5*sqrt(221) + 0.00353051995237756*sqrt(2431)),aF*(chi + 1.3228756555323)*(-0.000134379243615174*sqrt(442) - 0.000112526509577308*sqrt(221) + 0.000163943662903684*sqrt(2431)),0,aF*(chi + 1.3228756555323)*(-3.07007292689009e-5*sqrt(221) + 0.000825959435998939*sqrt(442) + 0.000889732029084219*sqrt(2431)),0,0,0,0,0,0,0,0,0,0,0,0,0,0,0,0,0,0,0,0,0
0.00858575823488311*sqrt(858)*aF*(chi + 1.3228756555323),aF*(-0.00185279993112731*sqrt(858)*(chi + 1.3228756555323) - 0.00875927366368722*sqrt(858)),aF*(-0.00640438708689638*sqrt(858)*(chi + 1.3228756555323) - 0.0362760211028232*sqrt(858)),0.00387024081550277*sqrt(858)*aF*(chi + 1.3228756555323),0.00303095036326964*sqrt(858)*aF*(chi + 1.3228756555323),0,-0.00523982515810343*sqrt(858)*aF*(chi + 1.3228756555323),0,0,aF*((0.00269776495518573*sqrt(3315) + 0.00254347749843734*sqrt(6630))*(chi + 1.3228756555323) + 0.0238088868553722*sqrt(6630)),aF*(-0.000945057618263784*sqrt(6630) - 0.00100238474347432*sqrt(3315))*(chi + 1.3228756555323),0,aF*(-0.00112631020183481*sqrt(2431) + 0.00647559252226013*sqrt(442))*(chi + 1.3228756555323),aF*((chi + 1.3228756555323)*(-0.000604843004959487*sqrt(442) + 8.44703825440529e-5*sqrt(2431) + 0.000640706435733879*sqrt(221)) - 0.00351766283164454*sqrt(442)),aF*((chi + 1.3228756555323)*(-0.018876301809508*sqrt(221) + 9.57689210925742e-6*sqrt(2431) + 0.00709536930623093*sqrt(442)) - 0.0444132907328076*sqrt(442)),aF*(chi + 1.3228756555323)*(-0.00165674996054471*sqrt(221) + 5.42280284985189e-5*sqrt(442) + 0.0010033802109628*sqrt(2431)),aF*(chi + 1.3228756555323)*(-0.000229826846325591*sqrt(442) + 0.000495514473646021*sqrt(2431) + 0.00367933255393737*sqrt(221)),aF*(chi + 1.3228756555323)*(0.00177914201259397*sqrt(2431) + 0.0054880667207349*sqrt(442) + 0.0138255866093391*sqrt(221)),0,aF*(chi + 1.3228756555323)*(-0.00147521942348845*sqrt(2431) - 0.000316982012453157*sqrt(442) + 0.00377204974251381*sqrt(221)),0,0,0,0,0,0,0,0,0,0,0,0,0,0,0,0,0,0,0,0,0
0,-0.00291245977011543*sqrt(858)*aF*(chi + 1.3228756555323),0.00387024115952749*sqrt(858)*aF*(chi + 1.3228756555323),aF*(0.00950062882631439*sqrt(858)*(chi + 1.3228756555323) + 0.025604967032967*sqrt(858)),aF*(-0.00389980100832883*sqrt(858)*(chi + 1.3228756555323) - 0.0152938076923077*sqrt(858)),0.00660814775670431*sqrt(858)*aF*(chi + 1.3228756555323),0.00326076726136743*sqrt(858)*aF*(chi + 1.3228756555323),-0.00195200067907937*sqrt(858)*aF*(chi + 1.3228756555323),-0.00303186895987355*sqrt(858)*aF*(chi + 1.3228756555323),aF*(0.001630776533885*sqrt(3315) + 0.00153751145010585*sqrt(6630))*(chi + 1.3228756555323),aF*((-0.00204397821497527*sqrt(6630) - 0.00216796643649825*sqrt(3315))*(chi + 1.3228756555323) - 0.00958797802197802*sqrt(6630)),aF*(-0.000719587376400496*sqrt(6630) - 0.000763237527901736*sqrt(3315))*(chi + 1.3228756555323),0,aF*(chi + 1.3228756555323)*(-0.000338231660954839*sqrt(221) + 0.00299337088203615*sqrt(442) + 0.00285233836810483*sqrt(2431)),aF*(chi + 1.3228756555323)*(-0.000960959094318159*sqrt(2431) + 0.00166101183413558*sqrt(442) + 0.00996488025971163*sqrt(221)),aF*((chi + 1.3228756555323)*(-0.00788896426043564*sqrt(442) - 0.00198689622306017*sqrt(2431) + 0.000793286521495332*sqrt(221)) - 0.0464150604395605*sqrt(442)),aF*((chi + 1.3228756555323)*(-0.00295217185122613*sqrt(2431) - 0.00144616027583446*sqrt(221) + 0.00116876908803527*sqrt(442)) - 0.0189049368131868*sqrt(442)),aF*((chi + 1.3228756555323)*(-0.00733063170069722*sqrt(221) + 0.00178709784036426*sqrt(442) + 0.00184918098209402*sqrt(2431)) + 6.75659340659341e-5*sqrt(442)),aF*(chi + 1.3228756555323)*(-0.000872450894029582*sqrt(442) - 0.000443428040333695*sqrt(221) + 0.00307716455052734*sqrt(2431)),aF*(chi + 1.3228756555323)*(-0.0022556431232468*sqrt(2431) - 0.00199128115226962*sqrt(221) - 0.000397035209387802*sqrt(442)),aF*(chi + 1.3228756555323)*(-0.00043112500913464*sqrt(2431) - 8.75262692968449e-5*sqrt(221) + 0.00076263443032293*sqrt(442)),0,0,0,0,0,0,0,0,0,0,0,0,0,0,0,0,0,0,0,0
0,0.00802148138194251*sqrt(858)*aF*(chi + 1.3228756555323),0.00303095122805488*sqrt(858)*aF*(chi + 1.3228756555323),aF*(-0.00389980175324065*sqrt(858)*(chi + 1.3228756555323) - 0.0152938076923077*sqrt(858)),aF*(-0.00501531967719856*sqrt(858)*(chi + 1.3228756555323) - 0.025604967032967*sqrt(858)),0.00610192479793232*sqrt(858)*aF*(chi + 1.3228756555323),0.000961613283618154*sqrt(858)*aF*(chi + 1.3228756555323),-0.00303306238164973*sqrt(858)*aF*(chi + 1.3228756555323),0.0017115391500701*sqrt(858)*aF*(chi + 1.3228756555323),aF*(-0.00126605354061751*sqrt(6630) - 0.0013428523690147*sqrt(3315))*(chi + 1.3228756555323),aF*((0.00258696627513363*sqrt(3315) + 0.00243901590142047*sqrt(6630))*(chi + 1.3228756555323) + 0.0168949862637363*sqrt(6630)),aF*(-0.000408368928912856*sqrt(6630) - 0.00043314056371334*sqrt(3315))*(chi + 1.3228756555323),0,aF*(chi + 1.3228756555323)*(-0.0011095443544646*sqrt(2431) - 0.000278321878852081*sqrt(221) + 0.00683486735714934*sqrt(442)),aF*(chi + 1.3228756555323)*(-0.00193694795714118*sqrt(442) + 0.000715449496555135*sqrt(2431) + 0.0081998361377212*sqrt(221)),aF*((chi + 1.3228756555323)*(-0.000947160789161589*sqrt(2431) + 0.000429612256848333*sqrt(442) + 0.00304829641753174*sqrt(221)) - 0.00693725274725275*sqrt(442)),aF*((chi + 1.3228756555323)*(-0.0158065229530931*sqrt(221) + 0.000660782209982202*sqrt(2431) + 0.00691424105630156*sqrt(442)) - 0.0293227005494506*sqrt(442)),aF*((chi + 1.3228756555323)*(-0.00508817281071772*sqrt(221) - 0.00196336485438186*sqrt(442) - 0.000681816168667749*sqrt(2431)) - 0.0236400494505495*sqrt(442)),aF*(chi + 1.3228756555323)*(0.00428875444830512*sqrt(442) + 0.00213022493881741*sqrt(2431) + 0.0126977882946103*sqrt(221)),aF*(chi + 1.3228756555323)*(-0.00163857253947736*sqrt(221) - 0.000600301570481868*sqrt(442) + 0.00142495247926105*sqrt(2431)),aF*(chi + 1.3228756555323)*(-0.000354761347693177*sqrt(2431) - 0.00039343568374408*sqrt(442) + 0.00250635940143078*sqrt(221)),0,0,0,0,0,0,0,0,0,0,0,0,0,0,0,0,0,0,0,0
0,0,0,0.00660814960143148*sqrt(858)*aF*(chi + 1.3228756555323),0.00610192628986483*sqrt(858)*aF*(chi + 1.3228756555323),aF*(-0.0105529405090451*sqrt(858)*(chi + 1.3228756555323) - 0.0259590972032945*sqrt(858)),0,0.00380317626147636*sqrt(858)*aF*(chi + 1.3228756555323),-0.00372315596125969*sqrt(858)*aF*(chi + 1.3228756555323),0,aF*(-0.000437316477294175*sqrt(6630) - 0.000463843421716542*sqrt(3315))*(chi + 1.3228756555323),aF*(0.00143307836614787*sqrt(3315) + 0.00135111930421413*sqrt(6630))*(chi + 1.3228756555323),0,0,0,aF*(chi + 1.3228756555323)*(-0.00352266902804823*sqrt(221) + 0.000827489892627257*sqrt(2431) + 0.0120701875117917*sqrt(442)),aF*(chi + 1.3228756555323)*(-0.00351391144774908*sqrt(442) - 9.93189672468603e-5*sqrt(2431) + 0.0214939162677546*sqrt(221)),aF*(chi + 1.3228756555323)*(-0.00138818788925277*sqrt(221) + 0.00018621157020521*sqrt(442) + 0.00290460650243466*sqrt(2431)),aF*((chi + 1.3228756555323)*(-0.0192089558932799*sqrt(221) - 0.00295495782086765*sqrt(2431) - 0.000443519633204875*sqrt(442)) - 0.0462042801311435*sqrt(442)),0,aF*(chi + 1.3228756555323)*(-0.00379156952988631*sqrt(221) - 0.00107241741132997*sqrt(442) - 2.50737755211339e-12*sqrt(2431)),0,0,0,0,0,0,0,0,0,0,0,0,0,0,0,0,0,0,0,0
0,-0.00233204434974475*sqrt(858)*aF*(chi + 1.3228756555323),-0.00523982457016402*sqrt(858)*aF*(chi + 1.3228756555323),0.00326076748325727*sqrt(858)*aF*(chi + 1.3228756555323),0.000961612086944687*sqrt(858)*aF*(chi + 1.3228756555323),0,aF*(0.00636665027218775*sqrt(858)*(chi + 1.3228756555323) - 0.0259590972032945*sqrt(858)),-0.00225782293162531*sqrt(858)*aF*(chi + 1.3228756555323),0.00980135981811609*sqrt(858)*aF*(chi + 1.3228756555323),aF*(-0.00230814824527489*sqrt(6630) - 0.0024481611615965*sqrt(3315))*(chi + 1.3228756555323),aF*(-0.000165289667774502*sqrt(6630) - 0.000175316140244945*sqrt(3315))*(chi + 1.3228756555323),aF*(0.00270826388985205*sqrt(3315) + 0.00255337526643209*sqrt(6630))*(chi + 1.3228756555323),0,aF*(chi + 1.3228756555323)*(0.000466108784586974*sqrt(221) + 0.00204029084808086*sqrt(442) + 0.00203442143506169*sqrt(2431)),aF*(chi + 1.3228756555323)*(-0.0137323579149767*sqrt(221) - 0.00289346982872053*sqrt(442) + 0.00105601288323453*sqrt(2431)),aF*(chi + 1.3228756555323)*(-0.00204970265780685*sqrt(2431) - 0.00120527228603454*sqrt(221) - 0.000202555208665752*sqrt(442)),aF*(chi + 1.3228756555323)*(-0.00226358344765901*sqrt(2431) + 0.000532327571660867*sqrt(442) + 0.00267668487338148*sqrt(221)),aF*(chi + 1.3228756555323)*(-0.0020284375540698*sqrt(2431) - 0.00278917279966289*sqrt(442) + 0.0100580031840942*sqrt(221)),0,aF*((chi + 1.3228756555323)*(-0.00753982911459959*sqrt(442) - 0.000590991877516848*sqrt(2431) + 0.00274413588318472*sqrt(221)) + 0.0462042801311435*sqrt(442)),aF*(-0.000868576868765333*sqrt(442) + 0.00339498844546793*sqrt(2431))*(chi + 1.3228756555323),0,0,0,0,0,0,0,0,0,0,0,0,0,0,0,0,0,0,0,0
0,0,0,-0.00195200143454829*sqrt(858)*aF*(chi + 1.3228756555323),-0.00303306225057055*sqrt(858)*aF*(chi + 1.3228756555323),0.0038031762161652*sqrt(858)*aF*(chi + 1.3228756555323),-0.00225782171926152*sqrt(858)*aF*(chi + 1.3228756555323),aF*(0.0155760576077779*sqrt(858)*(chi + 1.3228756555323) + 0.0151333910548463*sqrt(858)),aF*(-0.00192136155644508*sqrt(858)*(chi + 1.3228756555323) - 0.00924420576807898*sqrt(858)),0,aF*(-0.00163493186221511*sqrt(6630) - 0.00173410666806144*sqrt(3315))*(chi + 1.3228756555323),aF*((-0.0033499268570935*sqrt(6630) - 0.00355313396080818*sqrt(3315))*(chi + 1.3228756555323) - 0.00548713537225109*sqrt(6630)),0,0,0,aF*(chi + 1.3228756555323)*(0.00171315464350231*sqrt(221) + 0.00201311549971924*sqrt(442) + 0.0019070728324311*sqrt(2431)),aF*(chi + 1.3228756555323)*(-0.0104529838505877*sqrt(221) - 0.00271400867571266*sqrt(442) + 0.000514288103358567*sqrt(2431)),aF*(chi + 1.3228756555323)*(-0.000525183249825311*sqrt(2431) + 0.000169726866091479*sqrt(442) + 0.000675107570308616*sqrt(221)),aF*(chi + 1.3228756555323)*(-0.00458420991011932*sqrt(2431) - 0.00165812341904101*sqrt(442) + 0.00934175527799628*sqrt(221)),aF*(0.00383405862083573*sqrt(442) + 0.00304169094677593*sqrt(2431))*(chi + 1.3228756555323),aF*((chi + 1.3228756555323)*(-0.00515616166926917*sqrt(2431) - 0.0038032126196632*sqrt(442) + 0.00184392711735554*sqrt(221)) - 0.0227305735315115*sqrt(442)),0,0,0,0,0,0,0,0,0,0,0,0,0,0,0,0,0,0,0,0
0,0,0,-0.00303186872263434*sqrt(858)*aF*(chi + 1.3228756555323),0.00171153917071985*sqrt(858)*aF*(chi + 1.3228756555323),-0.00372315534327486*sqrt(858)*aF*(chi + 1.3228756555323),0.00980136012605793*sqrt(858)*aF*(chi + 1.3228756555323),aF*(-0.00192136161489054*sqrt(858)*(chi + 1.3228756555323) - 0.00924420576807898*sqrt(858)),aF*(0.00326224766465694*sqrt(858)*(chi + 1.3228756555323) - 0.0151333910548463*sqrt(858)),0,aF*(-0.000917132104415269*sqrt(6630) - 0.000972765525716901*sqrt(3315))*(chi + 1.3228756555323),aF*((0.000952757555494754*sqrt(3315) + 0.000898268742628385*sqrt(6630))*(chi + 1.3228756555323) + 0.00978168238777092*sqrt(6630)),0,0,0,aF*(chi + 1.3228756555323)*(-0.00269789134716013*sqrt(442) - 0.000849342063338754*sqrt(221) + 0.00052334934740341*sqrt(2431)),aF*(chi + 1.3228756555323)*(-0.00059717733896318*sqrt(442) + 0.00069634160746453*sqrt(2431) + 0.0051823452747702*sqrt(221)),aF*(chi + 1.3228756555323)*(-0.00553740934280672*sqrt(2431) - 0.000334702566937741*sqrt(221) + 4.84769003998964e-5*sqrt(442)),aF*(chi + 1.3228756555323)*(-0.0046314241000441*sqrt(221) - 0.000930141713918876*sqrt(442) + 0.000404893259871337*sqrt(2431)),aF*(-0.00150799972616621*sqrt(2431) + 0.0096888804645234*sqrt(442))*(chi + 1.3228756555323),aF*((chi + 1.3228756555323)*(-0.000914176001822758*sqrt(221) + 0.00357019396006563*sqrt(2431) + 0.00888918945945753*sqrt(442)) - 0.0127509535829082*sqrt(442)),0,0,0,0,0,0,0,0,0,0,0,0,0,0,0,0,0,0,0,0
aF*(0.00298170014747122*sqrt(3315) + 0.00281117342523811*sqrt(6630))*(chi + 1.3228756555323),aF*((-0.000979582691552439*sqrt(6630) - 0.00103900527002095*sqrt(3315))*(chi + 1.3228756555323) - 0.00553527705567375*sqrt(6630)),aF*((0.00269776424792539*sqrt(3315) + 0.00254347765410004*sqrt(6630))*(chi + 1.3228756555323) + 0.0238088872989624*sqrt(6630)),aF*(0.00163077659778761*sqrt(3315) + 0.00153751173069785*sqrt(6630))*(chi + 1.3228756555323),aF*(-0.00126605320752377*sqrt(6630) - 0.00134285200371767*sqrt(3315))*(chi + 1.3228756555323),0,aF*(-0.00230814818182372*sqrt(6630) - 0.00244816045776102*sqrt(3315))*(chi + 1.3228756555323),0,0,3.32480912376351e-10*sqrt(858)*aF*(chi + 1.3228756555323),-9.74184800753633e-11*sqrt(858)*aF*(chi + 1.3228756555323),0,aF*(-0.00435873358770316*sqrt(1430) + 0.000963752456513162*sqrt(130))*(chi + 1.3228756555323),aF*((chi + 1.3228756555323)*(-0.00016203035935582*sqrt(130) - 9.24976806419655e-6*sqrt(30030) + 0.000662164522839509*sqrt(1430)) + 0.00570513766577923*sqrt(715)),aF*((chi + 1.3228756555323)*(-0.000398848834326021*sqrt(130) + 0.000272513475019654*sqrt(30030) + 0.0038852174999357*sqrt(1430)) + 0.0326798742922658*sqrt(715)),aF*(chi + 1.3228756555323)*(-0.000267802860087671*sqrt(30030) - 0.000465051655027318*sqrt(130) + 5.78967475350764e-5*sqrt(1430)),aF*(chi + 1.3228756555323)*(-0.000176077911779347*sqrt(30030) - 0.000228913283710607*sqrt(1430) - 0.000246735619078413*sqrt(130)),aF*(chi + 1.3228756555323)*(-0.000802695124309462*sqrt(130) + 0.000174802559933238*sqrt(30030) + 0.00496540267268001*sqrt(1430)),0,aF*(chi + 1.3228756555323)*(-0.0002758636101312*sqrt(1430) + 0.000658753686809684*sqrt(130) + 0.000353966253957562*sqrt(30030)),0,aF*((-0.00182370915027165*sqrt(3705) - 0.000934597590537374*sqrt(6270))*(chi + 1.3228756555323) - 0.00977190813134106*sqrt(17290)),aF*(0.000476553333549601*sqrt(6270) + 0.000929913511890034*sqrt(3705))*(chi + 1.3228756555323),aF*(0.00155735107217574*sqrt(6270) + 0.00303890717237724*sqrt(3705))*(chi + 1.3228756555323),0,0,0,0,0,0,0,0,0,0,0,0,0,0,0,0,0
0,aF*(0.00261191367350671*sqrt(3315) + 0.00246253506239904*sqrt(6630))*(chi + 1.3228756555323),aF*(-0.00094505749290279*sqrt(6630) - 0.00100238532093567*sqrt(3315))*(chi + 1.3228756555323),aF*((-0.00204397880815768*sqrt(6630) - 0.00216796633843259*sqrt(3315))*(chi + 1.3228756555323) - 0.00958797596531258*sqrt(6630)),aF*((0.00258696608635223*sqrt(3315) + 0.00243901506853313*sqrt(6630))*(chi + 1.3228756555323) + 0.0168949878666914*sqrt(6630)),aF*(-0.00043731607945553*sqrt(6630) - 0.00046384352346033*sqrt(3315))*(chi + 1.3228756555323),aF*(-0.000165289920161534*sqrt(6630) - 0.000175316226970284*sqrt(3315))*(chi + 1.3228756555323),aF*(-0.00163493151299358*sqrt(6630) - 0.00173410708410115*sqrt(3315))*(chi + 1.3228756555323),aF*(-0.000917131924671977*sqrt(6630) - 0.000972765557378901*sqrt(3315))*(chi + 1.3228756555323),-1.1680994691475e-10*sqrt(858)*aF*(chi + 1.3228756555323),1.86987686768311e-10*sqrt(858)*aF*(chi + 1.3228756555323),-6.01952332380737e-11*sqrt(858)*aF*(chi + 1.3228756555323),0,aF*(chi + 1.3228756555323)*(-0.00412723717893142*sqrt(1430) + 8.61106763342241e-6*sqrt(30030) + 0.000927108272023472*sqrt(130)),aF*(chi + 1.3228756555323)*(-0.000253696303315583*sqrt(30030) - 0.000733925528099877*sqrt(1430) - 0.000266150664370625*sqrt(130)),aF*((chi + 1.3228756555323)*(0.000209929242302119*sqrt(130) + 0.000918315289460328*sqrt(1430) + 0.000244546546251918*sqrt(30030)) + 0.0105840357628162*sqrt(715)),aF*((chi + 1.3228756555323)*(-0.000716581435510336*sqrt(130) + 0.000191941982039095*sqrt(30030) + 0.00470684246264429*sqrt(1430)) + 0.0220947232368223*sqrt(715)),aF*((chi + 1.3228756555323)*(-0.00129174608183135*sqrt(1430) - 7.63609673619616e-5*sqrt(30030) + 0.000156661762303922*sqrt(130)) - 0.00867725712577346*sqrt(715)),aF*(chi + 1.3228756555323)*(-0.000117363099777436*sqrt(30030) - 0.00111983707048534*sqrt(130) + 0.00416827763621823*sqrt(1430)),aF*(chi + 1.3228756555323)*(-0.000329524733120159*sqrt(30030) - 0.000659130367347223*sqrt(130) + 0.000464242469663017*sqrt(1430)),aF*(chi + 1.3228756555323)*(-0.000347544265940569*sqrt(1430) + 0.000184427769345064*sqrt(130) + 6.37058797288188e-5*sqrt(30030)),aF*(0.000870063228212415*sqrt(6270) + 0.00169778180666744*sqrt(3705))*(chi + 1.3228756555323),aF*((-0.0011866200936556*sqrt(3705) - 0.000608107876634556*sqrt(6270))*(chi + 1.3228756555323) - 0.00618029633884006*sqrt(17290)),aF*((-0.00227322440346228*sqrt(3705) - 0.00116496111685215*sqrt(6270))*(chi + 1.3228756555323) - 0.00356819610976795*sqrt(17290)),0,0,0,0,0,0,0,0,0,0,0,0,0,0,0,0,0
0,0,0,aF*(-0.000719587449230035*sqrt(6630) - 0.000763237707880319*sqrt(3315))*(chi + 1.3228756555323),aF*(-0.000408369069570065*sqrt(6630) - 0.000433140130017494*sqrt(3315))*(chi + 1.3228756555323),aF*(0.00143307813667471*sqrt(3315) + 0.00135111927184248*sqrt(6630))*(chi + 1.3228756555323),aF*(0.00270826316520337*sqrt(3315) + 0.00255337532255836*sqrt(6630))*(chi + 1.3228756555323),aF*((-0.00334992674065133*sqrt(6630) - 0.00355313417504141*sqrt(3315))*(chi + 1.3228756555323) - 0.00548713516150952*sqrt(6630)),aF*((0.000952757210024632*sqrt(3315) + 0.000898267970638807*sqrt(6630))*(chi + 1.3228756555323) + 0.00978168102252684*sqrt(6630)),0,8.91818097235181e-11*sqrt(858)*aF*(chi + 1.3228756555323),-2.13645006633817e-10*sqrt(858)*aF*(chi + 1.3228756555323),0,0,0,aF*(chi + 1.3228756555323)*(-0.000336733043351484*sqrt(130) + 2.31314246573866e-5*sqrt(30030) + 0.00169960095545814*sqrt(1430)),aF*(chi + 1.3228756555323)*(-0.00100741719675928*sqrt(1430) - 0.000136049588023622*sqrt(30030) - 7.00454538478744e-6*sqrt(130)),aF*(chi + 1.3228756555323)*(-0.000419336849412637*sqrt(30030) - 0.000721335978759993*sqrt(130) + 5.96261020400105e-5*sqrt(1430)),aF*(chi + 1.3228756555323)*(-0.000444075645649069*sqrt(1430) + 0.00106043918989365*sqrt(130) + 0.000569802872165506*sqrt(30030)),aF*(-0.00503534480761266*sqrt(1430) + 0.0011133566944583*sqrt(130))*(chi + 1.3228756555323),aF*((chi + 1.3228756555323)*(-0.000309294772480865*sqrt(30030) - 0.00217455385826408*sqrt(130) + 0.00747251133927333*sqrt(1430)) + 0.0137748082373033*sqrt(715)),0,aF*(0.000798463999346599*sqrt(6270) + 0.00155806692044729*sqrt(3705))*(chi + 1.3228756555323),aF*(-0.00269865138996927*sqrt(3705) - 0.00138297932901285*sqrt(6270))*(chi + 1.3228756555323),0,0,0,0,0,0,0,0,0,0,0,0,0,0,0,0,0
aF*((-0.00506906649123483*sqrt(2431) - 0.00891600992044044*sqrt(442))*(chi + 1.3228756555323) + 0.0908197556840399*sqrt(442)),aF*(0.00248516511989184*sqrt(442) + 0.00253068571301571*sqrt(2431))*(chi + 1.3228756555323),aF*(-0.00112630963259289*sqrt(2431) + 0.0064755922762956*sqrt(442))*(chi + 1.3228756555323),0,0,0,0,0,0,aF*(-0.00435873358339181*sqrt(1430) + 0.000963752461555897*sqrt(130))*(chi + 1.3228756555323),0,0,aF*(-0.0150293759511156*sqrt(858)*(chi + 1.3228756555323) + 0.239452590830948*sqrt(39)),0.00257587766075512*sqrt(858)*aF*(chi + 1.3228756555323),-0.00996980339485395*sqrt(858)*aF*(chi + 1.3228756555323),0,0,0,0,0,0,0.000781482966219125*sqrt(2717)*aF*(chi + 1.3228756555323),0,0,aF*((-0.00665928495421943*sqrt(2090) - 0.00161328608881042*sqrt(13585))*(chi + 1.3228756555323) + 0.220574675707856*sqrt(95)),aF*(0.000501043133674447*sqrt(2090) + 0.000665054093408221*sqrt(13585))*(chi + 1.3228756555323),aF*(-0.000936920899286262*sqrt(2090) + 0.00149561325937301*sqrt(13585))*(chi + 1.3228756555323),0,0,0,0,0,0,0,0,0,0,0,0,0,0
aF*(0.00115037166234555*sqrt(442) + 0.00163916577207105*sqrt(2431))*(chi + 1.3228756555323),aF*((chi + 1.3228756555323)*(-0.00436353881399976*sqrt(2431) - 0.00847856018681845*sqrt(442) - 5.21463650477862e-6*sqrt(221)) - 0.0690589411066177*sqrt(442)),aF*((chi + 1.3228756555323)*(-0.000604843696371974*sqrt(442) + 8.44707961969488e-5*sqrt(2431) + 0.000640704285927729*sqrt(221)) - 0.00351765892857613*sqrt(442)),aF*(chi + 1.3228756555323)*(-0.000338230539503734*sqrt(221) + 0.00299337075794832*sqrt(442) + 0.00285233837783012*sqrt(2431)),aF*(chi + 1.3228756555323)*(-0.00110954466755846*sqrt(2431) - 0.000278320858945086*sqrt(221) + 0.00683486856251995*sqrt(442)),0,aF*(chi + 1.3228756555323)*(0.000466107251939145*sqrt(221) + 0.00204029182149932*sqrt(442) + 0.00203442178675108*sqrt(2431)),0,0,aF*((chi + 1.3228756555323)*(-0.000162030187005945*sqrt(130) - 9.24970942847933e-6*sqrt(30030) + 0.000662163480374027*sqrt(1430)) + 0.0057051408268358*sqrt(715)),aF*(chi + 1.3228756555323)*(-0.00412723682567514*sqrt(1430) + 8.61101362236438e-6*sqrt(30030) + 0.000927108235387564*sqrt(130)),0,0.00257587651169918*sqrt(858)*aF*(chi + 1.3228756555323),aF*(-0.0159416234185275*sqrt(858)*(chi + 1.3228756555323) - 0.18458758965729*sqrt(39)),aF*(0.00346927827582351*sqrt(858)*(chi + 1.3228756555323) + 0.0522527516075533*sqrt(39)),0.00099698091758756*sqrt(858)*aF*(chi + 1.3228756555323),-0.00802002351234902*sqrt(858)*aF*(chi + 1.3228756555323),-0.00020908623818982*sqrt(858)*aF*(chi + 1.3228756555323),0,0.00203570688265322*sqrt(858)*aF*(chi + 1.3228756555323),0,aF*((-0.000437311970309822*sqrt(2717) - 2.73610499050126e-5*sqrt(5187))*(chi + 1.3228756555323) - 0.00244895958447048*sqrt(494)),aF*(3.34211200564922e-7*sqrt(5187) + 0.000550819118000369*sqrt(2717))*(chi + 1.3228756555323),aF*(-1.34571354142767e-5*sqrt(5187) + 5.55847956843849e-5*sqrt(2717))*(chi + 1.3228756555323),aF*(0.00215338898834708*sqrt(2090) + 0.00118558158072352*sqrt(13585))*(chi + 1.3228756555323),aF*((-0.00612827792030338*sqrt(2090) - 0.00133625133396884*sqrt(13585))*(chi + 1.3228756555323) - 0.160575894747681*sqrt(95)),aF*((-0.00121608920432684*sqrt(13585) + 0.000566546758953822*sqrt(2090))*(chi + 1.3228756555323) - 0.023805806319224*sqrt(95)),aF*(-0.000238199440538264*sqrt(2090) + 0.00122492481361203*sqrt(13585))*(chi + 1.3228756555323),aF*(-0.000239533878994451*sqrt(2090) + 0.000135245786252387*sqrt(13585))*(chi + 1.3228756555323),0,aF*(0.0002944217335182*sqrt(2090) + 0.000237255272935158*sqrt(13585))*(chi + 1.3228756555323),0,0,0,0,0,0,0,0,0,0
aF*(-0.00221620465811086*sqrt(442) + 0.00438302777333429*sqrt(2431))*(chi + 1.3228756555323),aF*((chi + 1.3228756555323)*(-0.00218799394235468*sqrt(2431) + 0.000153632580314023*sqrt(221) + 0.000881910315370321*sqrt(442)) - 0.0105538950892221*sqrt(442)),aF*((chi + 1.3228756555323)*(-0.0188763018429238*sqrt(221) + 9.57616515409035e-6*sqrt(2431) + 0.00709536988528254*sqrt(442)) - 0.0444132893227352*sqrt(442)),aF*(chi + 1.3228756555323)*(-0.000960959012081633*sqrt(2431) + 0.0016610124186935*sqrt(442) + 0.00996488067334019*sqrt(221)),aF*(chi + 1.3228756555323)*(-0.00193694776286953*sqrt(442) + 0.000715449415596166*sqrt(2431) + 0.00819983361750429*sqrt(221)),0,aF*(chi + 1.3228756555323)*(-0.0137323588619969*sqrt(221) - 0.0028934701263856*sqrt(442) + 0.00105601321623683*sqrt(2431)),0,0,aF*((chi + 1.3228756555323)*(-0.000398848679232848*sqrt(130) + 0.000272513434550256*sqrt(30030) + 0.00388521826055459*sqrt(1430)) + 0.0326798723541408*sqrt(715)),aF*(chi + 1.3228756555323)*(-0.000253696282605858*sqrt(30030) - 0.000733925836046834*sqrt(1430) - 0.000266150625888386*sqrt(130)),0,-0.00996980254839387*sqrt(858)*aF*(chi + 1.3228756555323),aF*(0.00346927613503615*sqrt(858)*(chi + 1.3228756555323) + 0.0522527516075533*sqrt(39)),aF*(-0.00510197829429202*sqrt(858)*(chi + 1.3228756555323) - 0.0761496570063714*sqrt(39)),-0.00357384865803907*sqrt(858)*aF*(chi + 1.3228756555323),0.00050178455300906*sqrt(858)*aF*(chi + 1.3228756555323),-0.00683191970561266*sqrt(858)*aF*(chi + 1.3228756555323),0,0.00558560808879332*sqrt(858)*aF*(chi + 1.3228756555323),0,aF*((-0.000145094733540954*sqrt(2717) + 0.000806105793405881*sqrt(5187))*(chi + 1.3228756555323) + 0.00819587816074783*sqrt(494)),aF*(-4.27643782467448e-5*sqrt(2717) - 9.84646371143681e-6*sqrt(5187))*(chi + 1.3228756555323),aF*(0.000361041858849813*sqrt(2717) + 0.00039647143869682*sqrt(5187))*(chi + 1.3228756555323),aF*(-0.00082690947730224*sqrt(13585) + 0.00575802881168772*sqrt(2090))*(chi + 1.3228756555323),aF*((-6.07684283390975e-6*sqrt(2090) + 0.000118081036297845*sqrt(13585))*(chi + 1.3228756555323) - 0.0165833285969542*sqrt(95)),aF*((-0.00443876659866767*sqrt(2090) + 0.000212408263864766*sqrt(13585))*(chi + 1.3228756555323) - 0.13720781005809*sqrt(95)),aF*(0.000558400828458668*sqrt(2090) + 0.000681820429911235*sqrt(13585))*(chi + 1.3228756555323),aF*(0.00212117260482497*sqrt(2090) + 0.000916953014741877*sqrt(13585))*(chi + 1.3228756555323),0,aF*(-0.000515754053723677*sqrt(13585) + 0.000757845820523839*sqrt(2090))*(chi + 1.3228756555323),0,0,0,0,0,0,0,0,0,0
0,aF*(chi + 1.3228756555323)*(1.34841331455217e-5*sqrt(221) + 0.000659898478853745*sqrt(442) + 0.00195061624407402*sqrt(2431)),aF*(chi + 1.3228756555323)*(-0.00165674863251522*sqrt(221) + 5.42284246032641e-5*sqrt(442) + 0.001003379925614*sqrt(2431)),aF*((chi + 1.3228756555323)*(-0.00788896533339861*sqrt(442) - 0.00198689632940675*sqrt(2431) + 0.000793286363502791*sqrt(221)) - 0.0464150618679003*sqrt(442)),aF*((chi + 1.3228756555323)*(-0.000947159803772585*sqrt(2431) + 0.000429611408143175*sqrt(442) + 0.00304829484258198*sqrt(221)) - 0.00693725223853086*sqrt(442)),aF*(chi + 1.3228756555323)*(-0.00352266734935385*sqrt(221) + 0.000827489608804015*sqrt(2431) + 0.0120701873252755*sqrt(442)),aF*(chi + 1.3228756555323)*(-0.0020497027900885*sqrt(2431) - 0.00120527140088885*sqrt(221) - 0.000202555395477888*sqrt(442)),aF*(chi + 1.3228756555323)*(0.00171315378176538*sqrt(221) + 0.00201311505473493*sqrt(442) + 0.00190707282231334*sqrt(2431)),aF*(chi + 1.3228756555323)*(-0.0026978912006808*sqrt(442) - 0.000849341815790934*sqrt(221) + 0.000523349548590864*sqrt(2431)),aF*(chi + 1.3228756555323)*(-0.000267802875042318*sqrt(30030) - 0.000465051841929071*sqrt(130) + 5.78970988235274e-5*sqrt(1430)),aF*((chi + 1.3228756555323)*(0.00020992911650439*sqrt(130) + 0.000918315227125765*sqrt(1430) + 0.000244546580861783*sqrt(30030)) + 0.0105840351528062*sqrt(715)),aF*(chi + 1.3228756555323)*(-0.000336733000441261*sqrt(130) + 2.31314102531103e-5*sqrt(30030) + 0.00169960091916073*sqrt(1430)),0,0.000996980664881582*sqrt(858)*aF*(chi + 1.3228756555323),-0.00357384886214865*sqrt(858)*aF*(chi + 1.3228756555323),aF*(-0.0197226507040821*sqrt(858)*(chi + 1.3228756555323) - 0.123159082277947*sqrt(39)),aF*(0.0113329147641897*sqrt(858)*(chi + 1.3228756555323) + 0.0912735016106519*sqrt(39)),aF*(-0.00115643710521739*sqrt(858)*(chi + 1.3228756555323) - 0.000650633323449791*sqrt(39)),-0.00469454115678836*sqrt(858)*aF*(chi + 1.3228756555323),-0.00341963984807446*sqrt(858)*aF*(chi + 1.3228756555323),0.00328533617961203*sqrt(858)*aF*(chi + 1.3228756555323),aF*(7.07508643377852e-5*sqrt(5187) + 0.000312023081135545*sqrt(2717))*(chi + 1.3228756555323),aF*((-0.00107682823325735*sqrt(2717) - 0.000149507505578248*sqrt(5187))*(chi + 1.3228756555323) - 0.00427432259229104*sqrt(494)),aF*((5.62057528538287e-5*sqrt(5187) + 0.000124428223945199*sqrt(2717))*(chi + 1.3228756555323) + 3.79961114629826e-5*sqrt(494)),0,aF*(0.00287553946001953*sqrt(2090) + 0.00116708003895271*sqrt(13585))*(chi + 1.3228756555323),aF*(-0.000574928146679587*sqrt(13585) + 0.0048506678626595*sqrt(2090))*(chi + 1.3228756555323),aF*((-0.00405909381182052*sqrt(2090) - 0.00140555231820583*sqrt(13585))*(chi + 1.3228756555323) - 0.102272387731483*sqrt(95)),aF*((-0.000950679560171533*sqrt(2090) + 0.00114833356432029*sqrt(13585))*(chi + 1.3228756555323) + 0.0113067555996859*sqrt(95)),aF*(-0.000379348235885551*sqrt(2090) + 0.000688235624047549*sqrt(13585))*(chi + 1.3228756555323),aF*(-0.00113964418548192*sqrt(13585) - 0.00091445806674346*sqrt(2090))*(chi + 1.3228756555323),0,0,0,0,0,0,0,0,0,0
0,aF*(chi + 1.3228756555323)*(-0.00156444615689455*sqrt(442) - 2.99457779908076e-5*sqrt(221) + 0.0035305209565913*sqrt(2431)),aF*(chi + 1.3228756555323)*(-0.000229827315669596*sqrt(442) + 0.000495513755463892*sqrt(2431) + 0.00367933379183162*sqrt(221)),aF*((chi + 1.3228756555323)*(-0.00295217187111173*sqrt(2431) - 0.00144616390182118*sqrt(221) + 0.0011687684603393*sqrt(442)) - 0.0189049386903006*sqrt(442)),aF*((chi + 1.3228756555323)*(-0.01580652417145*sqrt(221) + 0.000660782783029778*sqrt(2431) + 0.00691424185082279*sqrt(442)) - 0.0293226983092927*sqrt(442)),aF*(chi + 1.3228756555323)*(-0.00351391128674547*sqrt(442) - 9.93187907008449e-5*sqrt(2431) + 0.0214939149610154*sqrt(221)),aF*(chi + 1.3228756555323)*(-0.00226358339885025*sqrt(2431) + 0.000532327808050115*sqrt(442) + 0.0026766859537926*sqrt(221)),aF*(chi + 1.3228756555323)*(-0.0104529829383865*sqrt(221) - 0.00271400856828084*sqrt(442) + 0.000514288166802012*sqrt(2431)),aF*(chi + 1.3228756555323)*(-0.00059717729731117*sqrt(442) + 0.00069634133140689*sqrt(2431) + 0.00518234591886552*sqrt(221)),aF*(chi + 1.3228756555323)*(-0.000176077899895579*sqrt(30030) - 0.000228913691646421*sqrt(1430) - 0.000246735793078526*sqrt(130)),aF*((chi + 1.3228756555323)*(-0.000716581419076525*sqrt(130) + 0.000191941989152503*sqrt(30030) + 0.00470684376892678*sqrt(1430)) + 0.0220947224305509*sqrt(715)),aF*(chi + 1.3228756555323)*(-0.00100741723480619*sqrt(1430) - 0.000136049653006571*sqrt(30030) - 7.00458945121778e-6*sqrt(130)),0,-0.00802002188708179*sqrt(858)*aF*(chi + 1.3228756555323),0.000501785565323322*sqrt(858)*aF*(chi + 1.3228756555323),aF*(0.0113329156659461*sqrt(858)*(chi + 1.3228756555323) + 0.0912735016106519*sqrt(39)),aF*(-0.0103478264096245*sqrt(858)*(chi + 1.3228756555323) - 0.061833849820205*sqrt(39)),aF*(0.000682785371077856*sqrt(858)*(chi + 1.3228756555323) + 0.0332644555374171*sqrt(39)),-0.00746402977573912*sqrt(858)*aF*(chi + 1.3228756555323),-0.00124450137530578*sqrt(858)*aF*(chi + 1.3228756555323),0.00199185907697573*sqrt(858)*aF*(chi + 1.3228756555323),aF*(-0.000157124648151425*sqrt(5187) - 4.22636823628747e-5*sqrt(2717))*(chi + 1.3228756555323),aF*((0.000214657559673575*sqrt(2717) + 0.000908881509966742*sqrt(5187))*(chi + 1.3228756555323) + 0.00570957613011635*sqrt(494)),aF*((-0.000368049191740897*sqrt(2717) - 0.000207902376195886*sqrt(5187))*(chi + 1.3228756555323) - 0.00283117823639938*sqrt(494)),0,aF*(-0.000700010153696069*sqrt(13585) + 0.00572780116556648*sqrt(2090))*(chi + 1.3228756555323),aF*(0.000742650961680469*sqrt(13585) + 0.00232281904525905*sqrt(2090))*(chi + 1.3228756555323),aF*((-0.00129693161163836*sqrt(2090) + 0.000188156213424252*sqrt(13585))*(chi + 1.3228756555323) - 0.0762823100574754*sqrt(95)),aF*((-0.00334197667865822*sqrt(2090) - 0.00119701278682781*sqrt(13585))*(chi + 1.3228756555323) - 0.0458990887353254*sqrt(95)),aF*(0.00094084908304295*sqrt(2090) + 0.000755582907798463*sqrt(13585))*(chi + 1.3228756555323),aF*(-0.000784127964428489*sqrt(2090) + 0.00112293206694953*sqrt(13585))*(chi + 1.3228756555323),0,0,0,0,0,0,0,0,0,0
0,aF*(chi + 1.3228756555323)*(-0.000134378839195739*sqrt(442) - 0.0001125252623465*sqrt(221) + 0.000163943432790606*sqrt(2431)),aF*(chi + 1.3228756555323)*(0.00177914199856256*sqrt(2431) + 0.00548806657996613*sqrt(442) + 0.0138255883788788*sqrt(221)),aF*((chi + 1.3228756555323)*(-0.00733063278396985*sqrt(221) + 0.00178709816048572*sqrt(442) + 0.0018491805026521*sqrt(2431)) + 6.75722542277533e-5*sqrt(442)),aF*((chi + 1.3228756555323)*(-0.0050881703273382*sqrt(221) - 0.00196336467440936*sqrt(442) - 0.000681815546434112*sqrt(2431)) - 0.0236400497541507*sqrt(442)),aF*(chi + 1.3228756555323)*(-0.00138818980124308*sqrt(221) + 0.000186211386469018*sqrt(442) + 0.00290460597133614*sqrt(2431)),aF*(chi + 1.3228756555323)*(-0.00202843754862732*sqrt(2431) - 0.00278917266921714*sqrt(442) + 0.0100580051472418*sqrt(221)),aF*(chi + 1.3228756555323)*(-0.000525183856874113*sqrt(2431) + 0.000169726839781174*sqrt(442) + 0.000675108482282308*sqrt(221)),aF*(chi + 1.3228756555323)*(-0.00553740933973001*sqrt(2431) - 0.000334703089880604*sqrt(221) + 4.84769413119236e-5*sqrt(442)),aF*(chi + 1.3228756555323)*(-0.000802695237149323*sqrt(130) + 0.000174802605173017*sqrt(30030) + 0.00496540246102047*sqrt(1430)),aF*((chi + 1.3228756555323)*(-0.00129174616641055*sqrt(1430) - 7.63610267776403e-5*sqrt(30030) + 0.000156661550530528*sqrt(130)) - 0.0086772569344387*sqrt(715)),aF*(chi + 1.3228756555323)*(-0.000419336910581567*sqrt(30030) - 0.000721335932782976*sqrt(130) + 5.9626082116139e-5*sqrt(1430)),0,-0.000209087734224134*sqrt(858)*aF*(chi + 1.3228756555323),-0.00683191762735564*sqrt(858)*aF*(chi + 1.3228756555323),aF*(-0.00115643655374892*sqrt(858)*(chi + 1.3228756555323) - 0.000650633323449791*sqrt(39)),aF*(0.000682783799931584*sqrt(858)*(chi + 1.3228756555323) + 0.0332644555374171*sqrt(39)),aF*(0.00420683493845805*sqrt(858)*(chi + 1.3228756555323) + 0.184992932098152*sqrt(39)),-0.00406305855434665*sqrt(858)*aF*(chi + 1.3228756555323),0.000472057873790387*sqrt(858)*aF*(chi + 1.3228756555323),0.00112804359974598*sqrt(858)*aF*(chi + 1.3228756555323),aF*(-0.000590416861427608*sqrt(5187) + 0.000416306637597181*sqrt(2717))*(chi + 1.3228756555323),aF*((-5.13645259295032e-5*sqrt(5187) - 4.82340891812027e-5*sqrt(2717))*(chi + 1.3228756555323) + 0.000919202198717054*sqrt(494)),aF*((-0.000281951654854375*sqrt(5187) + 0.000769167484805371*sqrt(2717))*(chi + 1.3228756555323) + 0.00739594401102465*sqrt(494)),0,aF*(-2.68554295899326e-5*sqrt(13585) + 0.000133671909694464*sqrt(2090))*(chi + 1.3228756555323),aF*(-0.00018601593925088*sqrt(13585) + 0.00197193856062832*sqrt(2090))*(chi + 1.3228756555323),aF*((4.63642010049848e-5*sqrt(13585) + 0.00117518760802331*sqrt(2090))*(chi + 1.3228756555323) - 0.00669186406121428*sqrt(95)),aF*((0.000361172002096997*sqrt(13585) + 0.00267027579728884*sqrt(2090))*(chi + 1.3228756555323) - 0.0402527812886063*sqrt(95)),aF*(0.000360736105832954*sqrt(13585) + 0.0101461253991332*sqrt(2090))*(chi + 1.3228756555323),aF*(-0.000193840180662929*sqrt(13585) + 0.000338961565821346*sqrt(2090))*(chi + 1.3228756555323),0,0,0,0,0,0,0,0,0,0
0,0,0,aF*(chi + 1.3228756555323)*(-0.000872451364899137*sqrt(442) - 0.000443425459414789*sqrt(221) + 0.00307716520047507*sqrt(2431)),aF*(chi + 1.3228756555323)*(0.0042887544373699*sqrt(442) + 0.0021302236956267*sqrt(2431) + 0.0126977895334135*sqrt(221)),aF*((chi + 1.3228756555323)*(-0.0192089550113683*sqrt(221) - 0.00295495709561744*sqrt(2431) - 0.000443519418894894*sqrt(442)) - 0.0462042774217595*sqrt(442)),0,aF*(chi + 1.3228756555323)*(-0.00458421061234843*sqrt(2431) - 0.0016581232322626*sqrt(442) + 0.00934175460181415*sqrt(221)),aF*(chi + 1.3228756555323)*(-0.00463142474460284*sqrt(221) - 0.00093014157760639*sqrt(442) + 0.000404892073391318*sqrt(2431)),0,aF*(chi + 1.3228756555323)*(-0.000117363076692603*sqrt(30030) - 0.00111983700044297*sqrt(130) + 0.00416827798619861*sqrt(1430)),aF*(chi + 1.3228756555323)*(-0.000444075622601236*sqrt(1430) + 0.00106043916492892*sqrt(130) + 0.000569802885541796*sqrt(30030)),0,0,0,-0.0046945415128344*sqrt(858)*aF*(chi + 1.3228756555323),-0.00746402868297105*sqrt(858)*aF*(chi + 1.3228756555323),-0.00406305778878067*sqrt(858)*aF*(chi + 1.3228756555323),aF*(0.00797235469195179*sqrt(858)*(chi + 1.3228756555323) + 0.133029219014*sqrt(39)),0,-0.00337922376815644*sqrt(858)*aF*(chi + 1.3228756555323),0,aF*(-0.000810545551821102*sqrt(5187) + 0.000719875389172848*sqrt(2717))*(chi + 1.3228756555323),aF*(-0.000392266308576215*sqrt(2717) + 0.000116736730855764*sqrt(5187))*(chi + 1.3228756555323),0,0,0,aF*(0.000133117147776824*sqrt(13585) + 0.00931370395313497*sqrt(2090))*(chi + 1.3228756555323),aF*(-5.64034801628808e-5*sqrt(13585) + 0.00308565131516157*sqrt(2090))*(chi + 1.3228756555323),aF*((-0.00778191092025195*sqrt(2090) - 0.0004077525454049*sqrt(13585))*(chi + 1.3228756555323) - 0.0912263926067957*sqrt(95)),0,0,0,0,0,0,0,0,0,0,0
0,aF*(chi + 1.3228756555323)*(-3.07003934206326e-5*sqrt(221) + 0.00082595959881113*sqrt(442) + 0.000889732473159731*sqrt(2431)),aF*(chi + 1.3228756555323)*(-0.00147521973193405*sqrt(2431) - 0.000316981711151441*sqrt(442) + 0.00377205077021986*sqrt(221)),aF*(chi + 1.3228756555323)*(-0.00225564294555067*sqrt(2431) - 0.00199128177393034*sqrt(221) - 0.000397035200731388*sqrt(442)),aF*(chi + 1.3228756555323)*(-0.00163857247939572*sqrt(221) - 0.000600301899852809*sqrt(442) + 0.00142495234640225*sqrt(2431)),0,aF*((chi + 1.3228756555323)*(-0.007539829864009*sqrt(442) - 0.000590991032046846*sqrt(2431) + 0.0027441368152178*sqrt(221)) + 0.0462042774217595*sqrt(442)),aF*(0.00383405862929304*sqrt(442) + 0.00304169071280944*sqrt(2431))*(chi + 1.3228756555323),aF*(-0.00150799925059428*sqrt(2431) + 0.00968887967901662*sqrt(442))*(chi + 1.3228756555323),aF*(chi + 1.3228756555323)*(-0.00027586333500259*sqrt(1430) + 0.000658753788313396*sqrt(130) + 0.00035396625894663*sqrt(30030)),aF*(chi + 1.3228756555323)*(-0.000329524759800794*sqrt(30030) - 0.00065913028926985*sqrt(130) + 0.000464242482097561*sqrt(1430)),aF*(-0.00503534503543479*sqrt(1430) + 0.00111335656161405*sqrt(130))*(chi + 1.3228756555323),0,0.00203570700165064*sqrt(858)*aF*(chi + 1.3228756555323),0.00558560835781382*sqrt(858)*aF*(chi + 1.3228756555323),-0.00341963971282731*sqrt(858)*aF*(chi + 1.3228756555323),-0.00124450153244417*sqrt(858)*aF*(chi + 1.3228756555323),0.000472056651332086*sqrt(858)*aF*(chi + 1.3228756555323),0,aF*(-0.0140707306822976*sqrt(858)*(chi + 1.3228756555323) + 0.133029219014*sqrt(39)),-0.00638613293296162*sqrt(858)*aF*(chi + 1.3228756555323),aF*(-0.000519329162218191*sqrt(2717) - 0.00016108409391828*sqrt(5187))*(chi + 1.3228756555323),aF*(-0.000153924848686216*sqrt(2717) + 1.96761851636688e-6*sqrt(5187))*(chi + 1.3228756555323),aF*(-7.92268744244064e-5*sqrt(5187) + 2.21686429702734e-5*sqrt(2717))*(chi + 1.3228756555323),0,aF*(0.00210058852225716*sqrt(2090) + 0.000947472531106093*sqrt(13585))*(chi + 1.3228756555323),aF*(-0.00751417113057615*sqrt(2090) + 0.000740105060357841*sqrt(13585))*(chi + 1.3228756555323),aF*(-0.00178824228788563*sqrt(13585) + 0.0007644811827429*sqrt(2090))*(chi + 1.3228756555323),aF*(-0.0011772255178445*sqrt(13585) + 0.00261581424650315*sqrt(2090))*(chi + 1.3228756555323),0,aF*((-0.00398006088691112*sqrt(2090) + 0.000407752270891573*sqrt(13585))*(chi + 1.3228756555323) + 0.0912263926067957*sqrt(95)),0,0,0,0,0,0,0,0,0,0
0,0,0,aF*(chi + 1.3228756555323)*(-0.000431125059509755*sqrt(2431) - 8.75257823751543e-5*sqrt(221) + 0.00076263458742632*sqrt(442)),aF*(chi + 1.3228756555323)*(-0.000354761200521871*sqrt(2431) - 0.000393435308189089*sqrt(442) + 0.00250636029066488*sqrt(221)),aF*(chi + 1.3228756555323)*(-0.00379157033111725*sqrt(221) - 0.00107241755393462*sqrt(442) + 9.25842717921198e-11*sqrt(2431)),aF*(-0.000868576933048329*sqrt(442) + 0.0033949878071635*sqrt(2431))*(chi + 1.3228756555323),aF*((chi + 1.3228756555323)*(-0.00515616222436704*sqrt(2431) - 0.00380321312067949*sqrt(442) + 0.00184392745820136*sqrt(221)) - 0.0227305733070966*sqrt(442)),aF*((chi + 1.3228756555323)*(-0.000914176364203352*sqrt(221) + 0.00357019355542351*sqrt(2431) + 0.00888918830425326*sqrt(442)) - 0.0127509485902697*sqrt(442)),0,aF*(chi + 1.3228756555323)*(-0.000347544007026799*sqrt(1430) + 0.000184427766139827*sqrt(130) + 6.37058642441296e-5*sqrt(30030)),aF*((chi + 1.3228756555323)*(-0.000309294765399815*sqrt(30030) - 0.00217455406061414*sqrt(130) + 0.00747251239548766*sqrt(1430)) + 0.0137748084944248*sqrt(715)),0,0,0,0.00328533624527423*sqrt(858)*aF*(chi + 1.3228756555323),0.00199185871521588*sqrt(858)*aF*(chi + 1.3228756555323),0.00112804300900732*sqrt(858)*aF*(chi + 1.3228756555323),-0.00337922394590046*sqrt(858)*aF*(chi + 1.3228756555323),-0.0063861337899221*sqrt(858)*aF*(chi + 1.3228756555323),-0.0125778971178821*sqrt(858)*aF*(chi + 1.3228756555323),0,aF*(-0.000285633625696163*sqrt(2717) - 0.000159989987195302*sqrt(5187))*(chi + 1.3228756555323),aF*(-0.000324375716655014*sqrt(2717) + 2.30421449268003e-5*sqrt(5187))*(chi + 1.3228756555323),0,0,0,aF*(-0.00159968678811707*sqrt(2090) + 0.00101160201394424*sqrt(13585))*(chi + 1.3228756555323),aF*(-0.00377539934793525*sqrt(2090) - 0.000428629031489571*sqrt(13585))*(chi + 1.3228756555323),aF*(-0.00309864884435497*sqrt(13585) + 0.0029342988076534*sqrt(2090))*(chi + 1.3228756555323),0.00938435954052856*sqrt(2090)*aF*(chi + 1.3228756555323),0,0,0,0,0,0,0,0,0,0
0,0,0,0,0,0,0,0,0,aF*((-0.00182370944805831*sqrt(3705) - 0.000934597563106107*sqrt(6270))*(chi + 1.3228756555323) - 0.00977190789996383*sqrt(17290)),aF*(0.000870063260858381*sqrt(6270) + 0.00169778118949107*sqrt(3705))*(chi + 1.3228756555323),0,0.000781482992498006*sqrt(2717)*aF*(chi + 1.3228756555323),aF*((-0.000437311938890381*sqrt(2717) - 2.73611429057259e-5*sqrt(5187))*(chi + 1.3228756555323) - 0.0024489593775792*sqrt(494)),aF*((-0.000145094576500824*sqrt(2717) + 0.000806105827156202*sqrt(5187))*(chi + 1.3228756555323) + 0.0081958789604795*sqrt(494)),aF*(7.07509241382864e-5*sqrt(5187) + 0.000312023164349091*sqrt(2717))*(chi + 1.3228756555323),aF*(-0.000157124602144287*sqrt(5187) - 4.22636425571466e-5*sqrt(2717))*(chi + 1.3228756555323),aF*(-0.000590416811625005*sqrt(5187) + 0.000416306615632479*sqrt(2717))*(chi + 1.3228756555323),0,aF*(-0.000519329109143068*sqrt(2717) - 0.00016108405705994*sqrt(5187))*(chi + 1.3228756555323),0,aF*(-0.00875278467990172*sqrt(858)*(chi + 1.3228756555323) - 0.198878364610489*sqrt(14)),0.000207444511235435*sqrt(858)*aF*(chi + 1.3228756555323),-0.00835284957264423*sqrt(858)*aF*(chi + 1.3228756555323),aF*(4.3283432608284e-5*sqrt(4290) + 0.00463476362520117*sqrt(165))*(chi + 1.3228756555323),aF*((chi + 1.3228756555323)*(-0.000950641073731306*sqrt(165) - 1.40481166515534e-5*sqrt(10010) - 1.12931906684089e-5*sqrt(4290) + 2.31075175991161e-5*sqrt(390)) - 0.0124602659288211*sqrt(30)),aF*((chi + 1.3228756555323)*(-0.00594871939625284*sqrt(165) - 0.000275665936322837*sqrt(390) - 2.67406146338619e-5*sqrt(4290) + 0.000167590310395535*sqrt(10010)) - 0.0394796824567469*sqrt(30)),aF*(chi + 1.3228756555323)*(-3.30661741581641e-5*sqrt(10010) - 0.000196311936065898*sqrt(165) - 1.80462888284939e-5*sqrt(4290) + 0.000578147416607406*sqrt(390)),aF*(chi + 1.3228756555323)*(-0.00180966436220468*sqrt(165) - 0.000756590199595492*sqrt(390) - 0.000146692875670895*sqrt(10010) - 2.20628225985379e-5*sqrt(4290)),0,aF*(chi + 1.3228756555323)*(-0.000754707241476472*sqrt(390) - 3.82351820696215e-5*sqrt(10010) + 1.19522697589109e-5*sqrt(4290) + 0.000223972334750654*sqrt(165)),aF*((chi + 1.3228756555323)*(-0.00494827032963747*sqrt(1001) - 0.0029420252502318*sqrt(221) + 0.00310378432469735*sqrt(39)) - 0.725402301091619*sqrt(3)),aF*(chi + 1.3228756555323)*(-0.000720079208247591*sqrt(1001) + 0.0120444718625327*sqrt(39) + 0.00606514124594875*sqrt(221)),0,0,0,0,0,0,0,0
0,0,0,0,0,0,0,0,0,aF*(0.00047655325606088*sqrt(6270) + 0.000929913704603257*sqrt(3705))*(chi + 1.3228756555323),aF*((-0.00118661976020612*sqrt(3705) - 0.000608107736420167*sqrt(6270))*(chi + 1.3228756555323) - 0.00618029708480194*sqrt(17290)),aF*(0.00079846370059406*sqrt(6270) + 0.00155806659788326*sqrt(3705))*(chi + 1.3228756555323),0,aF*(3.3421145678959e-7*sqrt(5187) + 0.000550819010884505*sqrt(2717))*(chi + 1.3228756555323),aF*(-4.27643397779612e-5*sqrt(2717) - 9.84643820430733e-6*sqrt(5187))*(chi + 1.3228756555323),aF*((-0.00107682818225013*sqrt(2717) - 0.00014950755536385*sqrt(5187))*(chi + 1.3228756555323) - 0.00427432236773063*sqrt(494)),aF*((0.000214657527728276*sqrt(2717) + 0.000908881440483315*sqrt(5187))*(chi + 1.3228756555323) + 0.00570957614924658*sqrt(494)),aF*((-5.13644571570035e-5*sqrt(5187) - 4.82341287906063e-5*sqrt(2717))*(chi + 1.3228756555323) + 0.000919203055251827*sqrt(494)),aF*(-0.000810545482677181*sqrt(5187) + 0.000719875227790009*sqrt(2717))*(chi + 1.3228756555323),aF*(-0.000153924932284673*sqrt(2717) + 1.96761288667929e-6*sqrt(5187))*(chi + 1.3228756555323),aF*(-0.000285633583412963*sqrt(2717) - 0.000159989932392991*sqrt(5187))*(chi + 1.3228756555323),0.000207444972592681*sqrt(858)*aF*(chi + 1.3228756555323),aF*(-0.0141097579092891*sqrt(858)*(chi + 1.3228756555323) - 0.135512759647092*sqrt(14)),aF*(0.00331912225021338*sqrt(858)*(chi + 1.3228756555323) + 0.0782383217070763*sqrt(14)),0,aF*(chi + 1.3228756555323)*(-4.42292317514009e-5*sqrt(390) + 7.1631641212195e-6*sqrt(10010) + 3.65419980332172e-5*sqrt(4290) + 0.00371118379221174*sqrt(165)),aF*(chi + 1.3228756555323)*(-8.5454650489152e-5*sqrt(10010) - 1.15209917158777e-5*sqrt(4290) + 0.0005276418174861*sqrt(390) + 0.00117270680252195*sqrt(165)),aF*((chi + 1.3228756555323)*(-0.00645165772565089*sqrt(165) - 0.00110661026074825*sqrt(390) - 3.38950281633753e-5*sqrt(4290) + 2.96144193022097e-5*sqrt(10010)) - 0.0320775498844882*sqrt(30)),aF*((chi + 1.3228756555323)*(1.88701281362681e-5*sqrt(4290) + 0.000222257016363853*sqrt(10010) + 0.00183269815106522*sqrt(165) + 0.00144816089115638*sqrt(390)) + 0.0174185114767779*sqrt(30)),aF*(chi + 1.3228756555323)*(-0.000142045991188396*sqrt(10010) - 0.000358679402299978*sqrt(165) - 2.30749985585545e-5*sqrt(4290)),aF*(chi + 1.3228756555323)*(-0.000235162814669772*sqrt(165) - 2.85254786838401e-5*sqrt(4290) + 1.94961994666468e-5*sqrt(10010) + 0.00144455679172566*sqrt(390)),aF*(chi + 1.3228756555323)*(0.00579281269560711*sqrt(39) + 0.0025231334111562*sqrt(1001) + 0.00563122005870302*sqrt(221)),aF*((chi + 1.3228756555323)*(-0.0116090591133991*sqrt(221) - 0.0173622067580487*sqrt(39) - 0.00199207895887658*sqrt(1001)) - 0.388455995918062*sqrt(3)),0,0,0,0,0,0,0,0
0,0,0,0,0,0,0,0,0,aF*(0.00155735100180652*sqrt(6270) + 0.0030389078689362*sqrt(3705))*(chi + 1.3228756555323),aF*((-0.00227322463038606*sqrt(3705) - 0.00116496112668303*sqrt(6270))*(chi + 1.3228756555323) - 0.0035681957337365*sqrt(17290)),aF*(-0.00269865101426103*sqrt(3705) - 0.00138297973842912*sqrt(6270))*(chi + 1.3228756555323),0,aF*(-1.34571789193114e-5*sqrt(5187) + 5.55848351830022e-5*sqrt(2717))*(chi + 1.3228756555323),aF*(0.000361041846002021*sqrt(2717) + 0.000396471389419568*sqrt(5187))*(chi + 1.3228756555323),aF*((5.62057874564472e-5*sqrt(5187) + 0.000124428201962922*sqrt(2717))*(chi + 1.3228756555323) + 3.79968670178707e-5*sqrt(494)),aF*((-0.000368049179376941*sqrt(2717) - 0.000207902353371623*sqrt(5187))*(chi + 1.3228756555323) - 0.00283117733613219*sqrt(494)),aF*((-0.000281951593425255*sqrt(5187) + 0.000769167292161937*sqrt(2717))*(chi + 1.3228756555323) + 0.00739594344876615*sqrt(494)),aF*(-0.00039226635343059*sqrt(2717) + 0.000116736740418313*sqrt(5187))*(chi + 1.3228756555323),aF*(-7.92268431319998e-5*sqrt(5187) + 2.21686436911743e-5*sqrt(2717))*(chi + 1.3228756555323),aF*(-0.00032437568879051*sqrt(2717) + 2.30421408871666e-5*sqrt(5187))*(chi + 1.3228756555323),-0.00835284894129226*sqrt(858)*aF*(chi + 1.3228756555323),aF*(0.00331912294756541*sqrt(858)*(chi + 1.3228756555323) + 0.0782383217070763*sqrt(14)),aF*(0.00365867006035508*sqrt(858)*(chi + 1.3228756555323) + 0.135512759647092*sqrt(14)),0,aF*(chi + 1.3228756555323)*(-3.51521038704975e-6*sqrt(165) + 2.86218244437913e-6*sqrt(4290) + 1.76944432464059e-5*sqrt(390) + 2.34088439820892e-5*sqrt(10010)),aF*(chi + 1.3228756555323)*(-0.000279261307851197*sqrt(10010) - 0.00021108954020307*sqrt(390) + 1.82643487332822e-5*sqrt(4290) + 0.00565391730063044*sqrt(165)),aF*((chi + 1.3228756555323)*(-0.000227260372171071*sqrt(165) - 6.43741313781954e-6*sqrt(4290) + 3.30088487353786e-5*sqrt(10010) + 0.000442712922638095*sqrt(390)) - 0.00786016635714161*sqrt(30)),aF*((chi + 1.3228756555323)*(-0.0048077501421747*sqrt(165) - 0.000579354415293896*sqrt(390) - 3.4776195059077e-5*sqrt(4290) - 1.09655583350897e-5*sqrt(10010)) - 0.0429288568302064*sqrt(30)),aF*(chi + 1.3228756555323)*(-0.00693262861265143*sqrt(165) - 3.05775577489558e-5*sqrt(4290) + 0.00024603088104378*sqrt(10010)),aF*(chi + 1.3228756555323)*(-0.000577912551388375*sqrt(390) - 0.000163705623472691*sqrt(165) + 1.89351562090274e-5*sqrt(4290) + 6.37125554901748e-5*sqrt(10010)),aF*(chi + 1.3228756555323)*(-0.0179465922913978*sqrt(39) - 0.00225283822013451*sqrt(221) + 0.00824546741750441*sqrt(1001)),aF*((chi + 1.3228756555323)*(-0.000635264064631828*sqrt(39) + 0.0046443455943524*sqrt(221) + 0.00528623094059093*sqrt(1001)) - 0.224275177324792*sqrt(3)),0,0,0,0,0,0,0,0
0,0,0,0,0,0,0,0,0,0,0,0,aF*((-0.00665928588219583*sqrt(2090) - 0.00161328604287571*sqrt(13585))*(chi + 1.3228756555323) + 0.220574684051237*sqrt(95)),aF*(0.00215338861242839*sqrt(2090) + 0.00118558149536943*sqrt(13585))*(chi + 1.3228756555323),aF*(-0.000826909691055924*sqrt(13585) + 0.00575802961050065*sqrt(2090))*(chi + 1.3228756555323),0,0,0,0,0,0,aF*(4.32834302442044e-5*sqrt(4290) + 0.00463476407359817*sqrt(165))*(chi + 1.3228756555323),0,0,aF*(-0.0181567730409203*sqrt(858)*(chi + 1.3228756555323) + 0.588320815440086*sqrt(6)),0.00133989909716732*sqrt(858)*aF*(chi + 1.3228756555323),-0.00838134576355229*sqrt(858)*aF*(chi + 1.3228756555323),0,0,0,0,aF*(-0.00807220654258346*sqrt(55) - 0.00285801861614164*sqrt(195))*(chi + 1.3228756555323),0,aF*((-0.00622518389411001*sqrt(2431) - 0.00485239076373283*sqrt(399))*(chi + 1.3228756555323) + 0.427601826784783*sqrt(17)),aF*(0.00019981757751228*sqrt(2431) + 0.00290195479917762*sqrt(399))*(chi + 1.3228756555323),aF*(-0.000459744353857021*sqrt(2431) + 0.00482458180828916*sqrt(399))*(chi + 1.3228756555323),0,0,0,0,0
0,0,0,0,0,0,0,0,0,0,0,0,aF*(0.000501043112354673*sqrt(2090) + 0.000665054248847515*sqrt(13585))*(chi + 1.3228756555323),aF*((-0.00612827691760206*sqrt(2090) - 0.00133625142286811*sqrt(13585))*(chi + 1.3228756555323) - 0.160575882578165*sqrt(95)),aF*((-6.07704136219579e-6*sqrt(2090) + 0.000118080933912492*sqrt(13585))*(chi + 1.3228756555323) - 0.0165833270654745*sqrt(95)),aF*(0.00287553953853437*sqrt(2090) + 0.00116707990317976*sqrt(13585))*(chi + 1.3228756555323),aF*(-0.000700009961361751*sqrt(13585) + 0.00572780093462987*sqrt(2090))*(chi + 1.3228756555323),aF*(-2.68553085763787e-5*sqrt(13585) + 0.000133671577103727*sqrt(2090))*(chi + 1.3228756555323),0,aF*(0.00210058777410033*sqrt(2090) + 0.000947472721502663*sqrt(13585))*(chi + 1.3228756555323),0,aF*((chi + 1.3228756555323)*(-0.000950640683793515*sqrt(165) - 1.40480901721311e-5*sqrt(10010) - 1.12931894605488e-5*sqrt(4290) + 2.31073779683555e-5*sqrt(390)) - 0.0124602593457743*sqrt(30)),aF*(chi + 1.3228756555323)*(-4.42289589724751e-5*sqrt(390) + 7.16315157380747e-6*sqrt(10010) + 3.65419946065332e-5*sqrt(4290) + 0.00371118417837606*sqrt(165)),aF*(chi + 1.3228756555323)*(-3.51484328030884e-6*sqrt(165) + 2.86218436426006e-6*sqrt(4290) + 1.76943265611042e-5*sqrt(390) + 2.34088002292095e-5*sqrt(10010)),0.00133989881768155*sqrt(858)*aF*(chi + 1.3228756555323),aF*(-0.021038336117618*sqrt(858)*(chi + 1.3228756555323) - 0.447287821642637*sqrt(6)),aF*(0.00518534006209395*sqrt(858)*(chi + 1.3228756555323) + 0.132357260167073*sqrt(6)),-0.00433815192852395*sqrt(858)*aF*(chi + 1.3228756555323),-0.000944250467688265*sqrt(858)*aF*(chi + 1.3228756555323),0,0.0011975736617726*sqrt(858)*aF*(chi + 1.3228756555323),aF*((chi + 1.3228756555323)*(-1.71974394437795e-6*sqrt(12155) + 0.000357278632500001*sqrt(2145) + 0.00232696586863467*sqrt(195) + 0.00847579572447777*sqrt(55)) + 0.013687681163154*sqrt(165)),aF*(chi + 1.3228756555323)*(-0.00306382492400887*sqrt(55) - 0.00100303899964973*sqrt(195) + 3.54534344281902e-6*sqrt(12155) + 5.19916855135178e-5*sqrt(2145)),aF*(0.00559131630039872*sqrt(399) + 0.00256624361000187*sqrt(2431))*(chi + 1.3228756555323),aF*((chi + 1.3228756555323)*(-0.0051292820396163*sqrt(2431) - 0.00452358199354564*sqrt(399) - 9.87855093308549e-5*sqrt(51)) - 0.282243290509874*sqrt(17)),aF*((chi + 1.3228756555323)*(-0.00644358899401245*sqrt(399) + 0.000536146015694375*sqrt(51) + 0.000121333869659348*sqrt(2431)) - 0.0522303944472*sqrt(17)),aF*(chi + 1.3228756555323)*(-0.000108794834144812*sqrt(2431) - 0.000354098774800799*sqrt(51) + 0.00340821732370555*sqrt(399)),0,0,0,0
0,0,0,0,0,0,0,0,0,0,0,0,aF*(-0.000936920846580448*sqrt(2090) + 0.00149561307464695*sqrt(13585))*(chi + 1.3228756555323),aF*((-0.00121608924243519*sqrt(13585) + 0.000566547302790814*sqrt(2090))*(chi + 1.3228756555323) - 0.0238058125319485*sqrt(95)),aF*((-0.00443876666353978*sqrt(2090) + 0.000212408436400459*sqrt(13585))*(chi + 1.3228756555323) - 0.137207813980283*sqrt(95)),aF*(-0.000574927910898352*sqrt(13585) + 0.00485066771839075*sqrt(2090))*(chi + 1.3228756555323),aF*(0.000742650547402388*sqrt(13585) + 0.0023228194713602*sqrt(2090))*(chi + 1.3228756555323),aF*(-0.000186015885624384*sqrt(13585) + 0.00197194020440121*sqrt(2090))*(chi + 1.3228756555323),0,aF*(-0.00751417089257847*sqrt(2090) + 0.000740105005258215*sqrt(13585))*(chi + 1.3228756555323),0,aF*((chi + 1.3228756555323)*(-0.00594872130102861*sqrt(165) - 0.000275665842830644*sqrt(390) - 2.67406132213072e-5*sqrt(4290) + 0.00016759029191476*sqrt(10010)) - 0.0394796901099277*sqrt(30)),aF*(chi + 1.3228756555323)*(-8.54546524527292e-5*sqrt(10010) - 1.15209860343192e-5*sqrt(4290) + 0.000527641572720463*sqrt(390) + 0.00117270757978964*sqrt(165)),aF*(chi + 1.3228756555323)*(-0.000279261281477977*sqrt(10010) - 0.000211089352131049*sqrt(390) + 1.8264345531073e-5*sqrt(4290) + 0.00565391798131708*sqrt(165)),-0.00838134544314441*sqrt(858)*aF*(chi + 1.3228756555323),aF*(0.0051853403275745*sqrt(858)*(chi + 1.3228756555323) + 0.132357260167073*sqrt(6)),aF*(-0.013399483881326*sqrt(858)*(chi + 1.3228756555323) - 0.337139894127247*sqrt(6)),-0.00247494471195926*sqrt(858)*aF*(chi + 1.3228756555323),-0.00661610176923717*sqrt(858)*aF*(chi + 1.3228756555323),0,0.00379444686735332*sqrt(858)*aF*(chi + 1.3228756555323),aF*((chi + 1.3228756555323)*(-0.00426224700880447*sqrt(2145) - 0.00859378632176846*sqrt(55) + 2.05161600130082e-5*sqrt(12155) + 0.00499731855775847*sqrt(195)) - 0.0349629025673573*sqrt(165)),aF*(chi + 1.3228756555323)*(-0.000620248136621194*sqrt(2145) - 0.00204989870006646*sqrt(195) - 0.00303596937750283*sqrt(55) - 4.22951530730664e-5*sqrt(12155)),aF*(-0.00467411817731404*sqrt(399) + 0.00577111942747396*sqrt(2431))*(chi + 1.3228756555323),aF*((chi + 1.3228756555323)*(-0.000343146673118931*sqrt(2431) + 0.00117848899716953*sqrt(51) + 0.00162634976418992*sqrt(399)) - 0.0533827961414248*sqrt(17)),aF*((chi + 1.3228756555323)*(-0.00307765258283363*sqrt(2431) - 0.0063961018640489*sqrt(51) + 0.00377105447032236*sqrt(399)) - 0.252386134182037*sqrt(17)),aF*(chi + 1.3228756555323)*(-0.000222342822071473*sqrt(2431) + 0.00422431906096992*sqrt(51) + 0.00337723064577262*sqrt(399)),0,0,0,0
0,0,0,0,0,0,0,0,0,0,0,0,0,aF*(-0.000238199540686183*sqrt(2090) + 0.00122492481154566*sqrt(13585))*(chi + 1.3228756555323),aF*(0.000558400970198427*sqrt(2090) + 0.000681820760313171*sqrt(13585))*(chi + 1.3228756555323),aF*((-0.00405909415656786*sqrt(2090) - 0.00140555202419053*sqrt(13585))*(chi + 1.3228756555323) - 0.102272393880487*sqrt(95)),aF*((-0.00129693148129556*sqrt(2090) + 0.000188156012179971*sqrt(13585))*(chi + 1.3228756555323) - 0.0762823089467001*sqrt(95)),aF*((4.63641779719866e-5*sqrt(13585) + 0.00117518731091913*sqrt(2090))*(chi + 1.3228756555323) - 0.00669186787630916*sqrt(95)),aF*(0.00013311710578599*sqrt(13585) + 0.00931370268579036*sqrt(2090))*(chi + 1.3228756555323),aF*(-0.00178824236860428*sqrt(13585) + 0.000764481247963919*sqrt(2090))*(chi + 1.3228756555323),aF*(-0.00159968642330108*sqrt(2090) + 0.00101160195413944*sqrt(13585))*(chi + 1.3228756555323),aF*(chi + 1.3228756555323)*(-3.30661714677402e-5*sqrt(10010) - 0.000196311636591873*sqrt(165) - 1.80462917271079e-5*sqrt(4290) + 0.000578147458092056*sqrt(390)),aF*((chi + 1.3228756555323)*(-0.00645165853615673*sqrt(165) - 0.00110661020211866*sqrt(390) - 3.38950197340433e-5*sqrt(4290) + 2.96144145107086e-5*sqrt(10010)) - 0.0320775563553901*sqrt(30)),aF*((chi + 1.3228756555323)*(-0.000227260572601557*sqrt(165) - 6.43741255455132e-6*sqrt(4290) + 3.300886974403e-5*sqrt(10010) + 0.000442712710112006*sqrt(390)) - 0.00786016682764386*sqrt(30)),0,-0.00433815139015015*sqrt(858)*aF*(chi + 1.3228756555323),-0.00247494432650451*sqrt(858)*aF*(chi + 1.3228756555323),aF*(-0.0105130202516868*sqrt(858)*(chi + 1.3228756555323) - 0.0370049568389155*sqrt(6)),aF*(0.00303107125588583*sqrt(858)*(chi + 1.3228756555323) + 0.0882455887705063*sqrt(6)),-0.00532126142127805*sqrt(858)*aF*(chi + 1.3228756555323),-0.00296960711462617*sqrt(858)*aF*(chi + 1.3228756555323),aF*(chi + 1.3228756555323)*(-0.00316519523582754*sqrt(195) - 4.30280575915155e-5*sqrt(12155) + 0.000755959788018734*sqrt(55) + 0.000840956769158651*sqrt(2145)),aF*((chi + 1.3228756555323)*(-0.000387461561447642*sqrt(2145) + 8.87046250914389e-5*sqrt(12155) + 0.0028052107490364*sqrt(55) + 0.00583775281199745*sqrt(195)) + 0.00801268895800272*sqrt(165)),0,aF*(chi + 1.3228756555323)*(-0.00247161712567198*sqrt(51) + 0.00108013692679917*sqrt(399) + 0.00692407081669828*sqrt(2431)),aF*(chi + 1.3228756555323)*(0.000809672216645391*sqrt(399) + 0.0134143932974298*sqrt(51) + 0.00250060700745775*sqrt(2431)),aF*((chi + 1.3228756555323)*(-0.00270117161678191*sqrt(2431) - 0.00885956454449092*sqrt(51) - 0.00312053335573793*sqrt(399)) - 0.208682560240692*sqrt(17)),0,0,0,0
0,0,0,0,0,0,0,0,0,0,0,0,0,aF*(-0.000239534360948772*sqrt(2090) + 0.000135246042222808*sqrt(13585))*(chi + 1.3228756555323),aF*(0.00212117263191549*sqrt(2090) + 0.000916953074805736*sqrt(13585))*(chi + 1.3228756555323),aF*((-0.000950678509706424*sqrt(2090) + 0.00114833358780605*sqrt(13585))*(chi + 1.3228756555323) + 0.0113067448046211*sqrt(95)),aF*((-0.00334197585694375*sqrt(2090) - 0.00119701243542468*sqrt(13585))*(chi + 1.3228756555323) - 0.0458990941279225*sqrt(95)),aF*((0.000361171917305563*sqrt(13585) + 0.00267027476061287*sqrt(2090))*(chi + 1.3228756555323) - 0.0402527714088906*sqrt(95)),aF*(-5.64034708262063e-5*sqrt(13585) + 0.00308565099650812*sqrt(2090))*(chi + 1.3228756555323),aF*(-0.00117722550191829*sqrt(13585) + 0.00261581360188534*sqrt(2090))*(chi + 1.3228756555323),aF*(-0.00377539955265165*sqrt(2090) - 0.00042862907040488*sqrt(13585))*(chi + 1.3228756555323),aF*(chi + 1.3228756555323)*(-0.00180966461371998*sqrt(165) - 0.000756590401315205*sqrt(390) - 0.000146692855108208*sqrt(10010) - 2.20628181504392e-5*sqrt(4290)),aF*((chi + 1.3228756555323)*(1.8870128733305e-5*sqrt(4290) + 0.000222257075177089*sqrt(10010) + 0.00183269901598525*sqrt(165) + 0.00144816109662312*sqrt(390)) + 0.0174185089927875*sqrt(30)),aF*((chi + 1.3228756555323)*(-0.00480774958977812*sqrt(165) - 0.000579354250066861*sqrt(390) - 3.4776196829192e-5*sqrt(4290) - 1.0965520321467e-5*sqrt(10010)) - 0.0429288546353076*sqrt(30)),0,-0.00094425012386044*sqrt(858)*aF*(chi + 1.3228756555323),-0.00661610096223253*sqrt(858)*aF*(chi + 1.3228756555323),aF*(0.00303107134254323*sqrt(858)*(chi + 1.3228756555323) + 0.0882455887705063*sqrt(6)),aF*(-0.00163067570934197*sqrt(858)*(chi + 1.3228756555323) + 0.0370049568389155*sqrt(6)),-0.00762726169315216*sqrt(858)*aF*(chi + 1.3228756555323),0.00188076596315145*sqrt(858)*aF*(chi + 1.3228756555323),aF*(chi + 1.3228756555323)*(-0.00386966521372529*sqrt(195) - 0.000989283695416778*sqrt(55) + 5.63084986456776e-5*sqrt(12155) + 0.00373077208562868*sqrt(2145)),aF*((chi + 1.3228756555323)*(-0.00535174687745594*sqrt(2145) - 0.00367102761312594*sqrt(55) - 0.000116082959385355*sqrt(12155) + 0.00207616371104493*sqrt(195)) - 0.0398276829492719*sqrt(165)),0,aF*(chi + 1.3228756555323)*(-0.00141351678678644*sqrt(399) - 0.000101774836049703*sqrt(2431) + 0.00323447204832636*sqrt(51)),aF*(chi + 1.3228756555323)*(-0.0175546931258607*sqrt(51) - 0.00105957424621559*sqrt(399) + 0.0058951204970748*sqrt(2431)),aF*((chi + 1.3228756555323)*(0.00163800602349003*sqrt(2431) + 0.00408367325718023*sqrt(399) + 0.0115940343598761*sqrt(51)) - 0.0419835651621092*sqrt(17)),0,0,0,0
0,0,0,0,0,0,0,0,0,0,0,0,0,0,0,aF*(-0.000379348247034525*sqrt(2090) + 0.000688235535459626*sqrt(13585))*(chi + 1.3228756555323),aF*(0.000940848224026494*sqrt(2090) + 0.000755583122018238*sqrt(13585))*(chi + 1.3228756555323),aF*(0.000360735581858974*sqrt(13585) + 0.0101461249839547*sqrt(2090))*(chi + 1.3228756555323),aF*((-0.00778191222845759*sqrt(2090) - 0.000407752425535564*sqrt(13585))*(chi + 1.3228756555323) - 0.0912264076349713*sqrt(95)),0,aF*(-0.00309864872768503*sqrt(13585) + 0.00293429911831967*sqrt(2090))*(chi + 1.3228756555323),0,aF*(chi + 1.3228756555323)*(-0.000142046057221362*sqrt(10010) - 0.00035867889502059*sqrt(165) - 2.30750006536738e-5*sqrt(4290)),aF*(chi + 1.3228756555323)*(-0.00693262927023996*sqrt(165) - 3.05775623671384e-5*sqrt(4290) + 0.000246030830526708*sqrt(10010)),0,0,0,-0.00532126098788792*sqrt(858)*aF*(chi + 1.3228756555323),-0.00762726366534841*sqrt(858)*aF*(chi + 1.3228756555323),aF*(0.00229568330768208*sqrt(858)*(chi + 1.3228756555323) + 0.326844907828449*sqrt(6)),0,0,aF*(-0.00941640699104323*sqrt(195) + 0.00567830814368169*sqrt(2145))*(chi + 1.3228756555323),0,0,0,0.009192175759221*sqrt(2431)*aF*(chi + 1.3228756555323),0,0,0,0
0,0,0,0,0,0,0,0,0,0,0,0,0,aF*(0.000294421641915356*sqrt(2090) + 0.000237255069950633*sqrt(13585))*(chi + 1.3228756555323),aF*(-0.000515754010585729*sqrt(13585) + 0.000757845786084603*sqrt(2090))*(chi + 1.3228756555323),aF*(-0.00113964412543102*sqrt(13585) - 0.000914457964331221*sqrt(2090))*(chi + 1.3228756555323),aF*(-0.000784128046364217*sqrt(2090) + 0.00112293178916427*sqrt(13585))*(chi + 1.3228756555323),aF*(-0.00019384022166598*sqrt(13585) + 0.000338961535108862*sqrt(2090))*(chi + 1.3228756555323),0,aF*((-0.00398006227077078*sqrt(2090) + 0.000407752243668892*sqrt(13585))*(chi + 1.3228756555323) + 0.0912264076349713*sqrt(95)),0.00938435991752584*sqrt(2090)*aF*(chi + 1.3228756555323),aF*(chi + 1.3228756555323)*(-0.000754707391130351*sqrt(390) - 3.82351807180247e-5*sqrt(10010) + 1.19522655999446e-5*sqrt(4290) + 0.000223972143530705*sqrt(165)),aF*(chi + 1.3228756555323)*(-0.000235162882424521*sqrt(165) - 2.85254772866783e-5*sqrt(4290) + 1.94962013753634e-5*sqrt(10010) + 0.00144455689798471*sqrt(390)),aF*(chi + 1.3228756555323)*(-0.000577912347087894*sqrt(390) - 0.000163705461089556*sqrt(165) + 1.89351565258972e-5*sqrt(4290) + 6.37125542468086e-5*sqrt(10010)),0,0.00119757290315748*sqrt(858)*aF*(chi + 1.3228756555323),0.00379444719291561*sqrt(858)*aF*(chi + 1.3228756555323),-0.00296960781741823*sqrt(858)*aF*(chi + 1.3228756555323),0.00188076576323302*sqrt(858)*aF*(chi + 1.3228756555323),0,aF*(-0.0243342509710947*sqrt(858)*(chi + 1.3228756555323) + 0.326844907828449*sqrt(6)),aF*(chi + 1.3228756555323)*(5.6168357459298e-5*sqrt(12155) + 0.00296046571428096*sqrt(55) + 0.00209634420451569*sqrt(195) + 0.000972417810032745*sqrt(2145)),aF*(chi + 1.3228756555323)*(-0.0018303775318637*sqrt(195) - 0.000115794050889516*sqrt(12155) + 0.000141507597622609*sqrt(2145) + 0.0109856772482836*sqrt(55)),0,aF*(chi + 1.3228756555323)*(0.00322642206011737*sqrt(51) + 0.00422999793004664*sqrt(399) + 0.00200787033419247*sqrt(2431)),aF*(chi + 1.3228756555323)*(-0.0038404916411424*sqrt(2431) - 0.0175110028201278*sqrt(51) + 0.0031708126214845*sqrt(399)),aF*(chi + 1.3228756555323)*(-0.0122205336267216*sqrt(399) - 0.000198532426639015*sqrt(2431) + 0.0115651790046598*sqrt(51)),0,0,0,0
0,0,0,0,0,0,0,0,0,0,0,0,0,0,0,0,0,0,0,0,0,aF*((chi + 1.3228756555323)*(-0.00494827022697705*sqrt(1001) - 0.00294202691010221*sqrt(221) + 0.0031037858763968*sqrt(39)) - 0.725402414494475*sqrt(3)),aF*(chi + 1.3228756555323)*(0.0057928153773475*sqrt(39) + 0.00252313369502086*sqrt(1001) + 0.00563122253338415*sqrt(221)),aF*(chi + 1.3228756555323)*(-0.0179465932223669*sqrt(39) - 0.00225283824803466*sqrt(221) + 0.00824546737699924*sqrt(1001)),aF*(-0.00807220920127918*sqrt(55) - 0.002858018766996*sqrt(195))*(chi + 1.3228756555323),aF*((chi + 1.3228756555323)*(-1.71975530653394e-6*sqrt(12155) + 0.000357279298526624*sqrt(2145) + 0.00232696516431698*sqrt(195) + 0.00847579637252529*sqrt(55)) + 0.0136876780564031*sqrt(165)),aF*((chi + 1.3228756555323)*(-0.00426224739038985*sqrt(2145) - 0.00859378495923151*sqrt(55) + 2.05161785461532e-5*sqrt(12155) + 0.00499731940513694*sqrt(195)) - 0.0349629036965518*sqrt(165)),aF*(chi + 1.3228756555323)*(-0.00316519503239703*sqrt(195) - 4.30280787801933e-5*sqrt(12155) + 0.000755960246150883*sqrt(55) + 0.000840956820135864*sqrt(2145)),aF*(chi + 1.3228756555323)*(-0.00386966537543802*sqrt(195) - 0.000989283718419911*sqrt(55) + 5.63085154017447e-5*sqrt(12155) + 0.00373077253118872*sqrt(2145)),0,aF*(chi + 1.3228756555323)*(5.61683780112494e-5*sqrt(12155) + 0.00296046558263282*sqrt(55) + 0.0020963443729754*sqrt(195) + 0.000972417824232798*sqrt(2145)),aF*(-0.0123372825042747*sqrt(858)*(chi + 1.3228756555323) - 0.035742511868562*sqrt(374)),-0.00433628206428633*sqrt(858)*aF*(chi + 1.3228756555323),aF*(0.000158471276223293*sqrt(17290) + 0.00398927874096114*sqrt(2210))*(chi + 1.3228756555323),aF*((chi + 1.3228756555323)*(-0.00157100879156562*sqrt(2210) - 7.4543553669364e-5*sqrt(17290) - 0.00218680297325867*sqrt(10)) - 0.00344873224501867*sqrt(6630)),aF*((chi + 1.3228756555323)*(-0.00524283150961937*sqrt(2210) - 0.000142398926564136*sqrt(17290) + 0.0118686000524071*sqrt(10)) - 0.00650883709158127*sqrt(6630)),aF*(chi + 1.3228756555323)*(-0.00783864211266235*sqrt(10) - 0.000376104913883124*sqrt(2210) - 5.84437098350093e-5*sqrt(17290)),aF*((-0.00234634474306709*sqrt(4807) + 0.000177479652963537*sqrt(62491))*(chi + 1.3228756555323) - 0.000460267781518394*sqrt(3187041)),0,0,0
0,0,0,0,0,0,0,0,0,0,0,0,0,0,0,0,0,0,0,0,0,aF*(chi + 1.3228756555323)*(-0.000720078890285549*sqrt(1001) + 0.0120444687687201*sqrt(39) + 0.00606514311589043*sqrt(221)),aF*((chi + 1.3228756555323)*(-0.0116090612445198*sqrt(221) - 0.0173622102358691*sqrt(39) - 0.00199207996470574*sqrt(1001)) - 0.388455925000135*sqrt(3)),aF*((chi + 1.3228756555323)*(-0.000635269943710163*sqrt(39) + 0.00464434446345951*sqrt(221) + 0.00528622923717454*sqrt(1001)) - 0.224275095420036*sqrt(3)),0,aF*(chi + 1.3228756555323)*(-0.00306382305315142*sqrt(55) - 0.0010030385275897*sqrt(195) + 3.5453659593066e-6*sqrt(12155) + 5.19917605555303e-5*sqrt(2145)),aF*(chi + 1.3228756555323)*(-0.000620247931138025*sqrt(2145) - 0.00204989879609401*sqrt(195) - 0.00303596916023346*sqrt(55) - 4.22951804574953e-5*sqrt(12155)),aF*((chi + 1.3228756555323)*(-0.000387462024938892*sqrt(2145) + 8.87046460749792e-5*sqrt(12155) + 0.00280521239260445*sqrt(55) + 0.00583775275349338*sqrt(195)) + 0.008012685056195*sqrt(165)),aF*((chi + 1.3228756555323)*(-0.00535174689956553*sqrt(2145) - 0.00367102762459211*sqrt(55) - 0.000116082964225177*sqrt(12155) + 0.00207616336458209*sqrt(195)) - 0.0398276816594336*sqrt(165)),aF*(-0.00941640808937549*sqrt(195) + 0.00567830765240195*sqrt(2145))*(chi + 1.3228756555323),aF*(chi + 1.3228756555323)*(-0.00183037737689728*sqrt(195) - 0.000115794063628679*sqrt(12155) + 0.000141507540139984*sqrt(2145) + 0.0109856765386351*sqrt(55)),-0.00433628045932128*sqrt(858)*aF*(chi + 1.3228756555323),-0.00550121563453135*sqrt(858)*aF*(chi + 1.3228756555323),0,aF*(chi + 1.3228756555323)*(7.50679491923772e-5*sqrt(17290) + 0.00450820927352013*sqrt(10) + 0.00125988802495589*sqrt(2210)),aF*(chi + 1.3228756555323)*(-0.0244677428530431*sqrt(10) + 5.62710442663319e-5*sqrt(17290) + 0.00483490251582296*sqrt(2210)),aF*((chi + 1.3228756555323)*(-0.00771711092299842*sqrt(2210) - 0.000216872540498941*sqrt(17290) + 0.0161597727350126*sqrt(10)) - 0.00682761104875901*sqrt(6630)),aF*(-0.000365883771031098*sqrt(62491) + 0.00483711301791754*sqrt(4807))*(chi + 1.3228756555323),0,0,0
0,0,0,0,0,0,0,0,0,0,0,0,0,0,0,0,0,0,0,0,0,0,0,0,aF*((-0.00622518421017697*sqrt(2431) - 0.00485239223998083*sqrt(399))*(chi + 1.3228756555323) + 0.42760177576144*sqrt(17)),aF*(0.00559131625635214*sqrt(399) + 0.00256624306743459*sqrt(2431))*(chi + 1.3228756555323),aF*(-0.00467411726608296*sqrt(399) + 0.00577112026896939*sqrt(2431))*(chi + 1.3228756555323),0,0,0,0,aF*(0.000158471272240416*sqrt(17290) + 0.00398927873294053*sqrt(2210))*(chi + 1.3228756555323),0,aF*(-0.0113483007753325*sqrt(858)*(chi + 1.3228756555323) + 0.000877899695110428*sqrt(646646)),-8.85070719898659e-5*sqrt(858)*aF*(chi + 1.3228756555323),-0.00305325895724172*sqrt(858)*aF*(chi + 1.3228756555323),0,aF*(-2.78655959465686e-5*sqrt(5870865) - 0.000222282882989648*sqrt(31395))*(chi + 1.3228756555323),aF*((-0.00611804094370887*sqrt(1495) - 0.000106198847986922*sqrt(85085))*(chi + 1.3228756555323) + 0.000366757332159228*sqrt(10140585)),aF*(-8.96470462270312e-5*sqrt(1495) + 0.000161058544835925*sqrt(85085))*(chi + 1.3228756555323),0
0,0,0,0,0,0,0,0,0,0,0,0,0,0,0,0,0,0,0,0,0,0,0,0,aF*(0.00019981772844709*sqrt(2431) + 0.00290195629392519*sqrt(399))*(chi + 1.3228756555323),aF*((chi + 1.3228756555323)*(-0.00512928153379643*sqrt(2431) - 0.00452358202049177*sqrt(399) - 9.8785937333828e-5*sqrt(51)) - 0.282243319195416*sqrt(17)),aF*((chi + 1.3228756555323)*(-0.00034314622929171*sqrt(2431) + 0.00117848738160002*sqrt(51) + 0.0016263498243215*sqrt(399)) - 0.0533827652747935*sqrt(17)),aF*(chi + 1.3228756555323)*(-0.0024716127217784*sqrt(51) + 0.0010801376224544*sqrt(399) + 0.00692407057730066*sqrt(2431)),aF*(chi + 1.3228756555323)*(-0.0014135168733908*sqrt(399) - 0.000101774911870149*sqrt(2431) + 0.00323446565491256*sqrt(51)),0,aF*(chi + 1.3228756555323)*(0.00322641590305368*sqrt(51) + 0.0042299979027533*sqrt(399) + 0.00200787035663348*sqrt(2431)),aF*((chi + 1.3228756555323)*(-0.00157100888896967*sqrt(2210) - 7.45435705014625e-5*sqrt(17290) - 0.00218679799997924*sqrt(10)) - 0.0034487322774386*sqrt(6630)),aF*(chi + 1.3228756555323)*(7.50679535572248e-5*sqrt(17290) + 0.00450820017441635*sqrt(10) + 0.00125988807569268*sqrt(2210)),-8.85068288815005e-5*sqrt(858)*aF*(chi + 1.3228756555323),aF*(-0.0138162424437012*sqrt(858)*(chi + 1.3228756555323) - 0.000648648311078805*sqrt(646646)),aF*(0.0037343538483205*sqrt(858)*(chi + 1.3228756555323) + 0.000199306604131616*sqrt(646646)),-0.00161563507869494*sqrt(858)*aF*(chi + 1.3228756555323),aF*((chi + 1.3228756555323)*(0.000321632428618906*sqrt(31395) + 0.000197809959587586*sqrt(85215) + 5.9385532386768e-5*sqrt(5870865)) + 0.000443372120611486*sqrt(482885)),aF*(0.000226324789129134*sqrt(85085) + 0.00365887309702691*sqrt(1495))*(chi + 1.3228756555323),aF*((-0.00329486457219853*sqrt(1495) - 0.000343238574508123*sqrt(85085))*(chi + 1.3228756555323) - 0.000187556367650128*sqrt(10140585)),0
0,0,0,0,0,0,0,0,0,0,0,0,0,0,0,0,0,0,0,0,0,0,0,0,aF*(-0.000459744386349285*sqrt(2431) + 0.00482458296894068*sqrt(399))*(chi + 1.3228756555323),aF*((chi + 1.3228756555323)*(-0.00644358748634626*sqrt(399) + 0.000536149335917591*sqrt(51) + 0.000121334112485769*sqrt(2431)) - 0.0522304153311017*sqrt(17)),aF*((chi + 1.3228756555323)*(-0.00307765313736923*sqrt(2431) - 0.0063961049931319*sqrt(51) + 0.00377105389596717*sqrt(399)) - 0.2523861100277*sqrt(17)),aF*(chi + 1.3228756555323)*(0.000809672169164701*sqrt(399) + 0.0134143943479411*sqrt(51) + 0.00250060691154518*sqrt(2431)),aF*(chi + 1.3228756555323)*(-0.0175546910798587*sqrt(51) - 0.00105957356658739*sqrt(399) + 0.0058951203050793*sqrt(2431)),0,aF*(chi + 1.3228756555323)*(-0.00384049151106582*sqrt(2431) - 0.0175110019756205*sqrt(51) + 0.003170810372943*sqrt(399)),aF*((chi + 1.3228756555323)*(-0.0052428311404923*sqrt(2210) - 0.000142398922652653*sqrt(17290) + 0.011868595137309*sqrt(10)) - 0.00650883611313279*sqrt(6630)),aF*(chi + 1.3228756555323)*(-0.024467738981196*sqrt(10) + 5.62710079974083e-5*sqrt(17290) + 0.00483490292998489*sqrt(2210)),-0.00305325906575758*sqrt(858)*aF*(chi + 1.3228756555323),aF*(0.00373435255000923*sqrt(858)*(chi + 1.3228756555323) + 0.000199306604131616*sqrt(646646)),aF*(-0.0117064800507678*sqrt(858)*(chi + 1.3228756555323) - 0.000603171760904522*sqrt(646646)),-0.00200010931971369*sqrt(858)*aF*(chi + 1.3228756555323),aF*((chi + 1.3228756555323)*(-0.00107359085040996*sqrt(85215) - 5.80371992127642e-5*sqrt(5870865) + 0.000362456360286664*sqrt(31395)) - 0.000889876871927189*sqrt(482885)),aF*(-0.000221186143249953*sqrt(85085) + 0.00608297818488314*sqrt(1495))*(chi + 1.3228756555323),aF*((-0.00242088871391103*sqrt(1495) + 0.000335445431329866*sqrt(85085))*(chi + 1.3228756555323) - 0.00015428484274555*sqrt(10140585)),0
0,0,0,0,0,0,0,0,0,0,0,0,0,0,0,0,0,0,0,0,0,0,0,0,0,aF*(chi + 1.3228756555323)*(-0.000108794649135904*sqrt(2431) - 0.000354101054311059*sqrt(51) + 0.00340821550858928*sqrt(399)),aF*(chi + 1.3228756555323)*(-0.000222342678424564*sqrt(2431) + 0.00422432216142921*sqrt(51) + 0.0033772306676991*sqrt(399)),aF*((chi + 1.3228756555323)*(-0.00270117185059752*sqrt(2431) - 0.0088595674065711*sqrt(51) - 0.00312053542763418*sqrt(399)) - 0.208682567826501*sqrt(17)),aF*((chi + 1.3228756555323)*(0.00163800549938836*sqrt(2431) + 0.00408367358869668*sqrt(399) + 0.0115940358460844*sqrt(51)) - 0.0419835714919702*sqrt(17)),0.00919217523971819*sqrt(2431)*aF*(chi + 1.3228756555323),aF*(chi + 1.3228756555323)*(-0.0122205337912088*sqrt(399) - 0.000198532297528011*sqrt(2431) + 0.011565181277336*sqrt(51)),aF*(chi + 1.3228756555323)*(-0.00783864078488423*sqrt(10) - 0.00037610458599859*sqrt(2210) - 5.84437132205735e-5*sqrt(17290)),aF*((chi + 1.3228756555323)*(-0.00771710976948305*sqrt(2210) - 0.000216872557427474*sqrt(17290) + 0.0161597741327446*sqrt(10)) - 0.00682761082503036*sqrt(6630)),0,-0.0016156347413056*sqrt(858)*aF*(chi + 1.3228756555323),-0.00200010956010911*sqrt(858)*aF*(chi + 1.3228756555323),-0.00732600813968019*sqrt(858)*aF*(chi + 1.3228756555323),aF*(-0.000545148529222785*sqrt(31395) + 0.00070905553091519*sqrt(85215))*(chi + 1.3228756555323),0,0.00967380730023771*sqrt(1495)*aF*(chi + 1.3228756555323),0
0,0,0,0,0,0,0,0,0,0,0,0,0,0,0,0,0,0,0,0,0,0,0,0,0,0,0,0,0,0,0,aF*((-0.00234634367559875*sqrt(4807) + 0.00017747963522494*sqrt(62491))*(chi + 1.3228756555323) - 0.000460267852752941*sqrt(3187041)),aF*(-0.000365883690488225*sqrt(62491) + 0.00483711205501167*sqrt(4807))*(chi + 1.3228756555323),aF*(-2.7865608295927e-5*sqrt(5870865) - 0.000222282855220671*sqrt(31395))*(chi + 1.3228756555323),aF*((chi + 1.3228756555323)*(0.000321632331471935*sqrt(31395) + 0.000197810319458988*sqrt(85215) + 5.93855389133415e-5*sqrt(5870865)) + 0.000443371919093082*sqrt(482885)),aF*((chi + 1.3228756555323)*(-0.00107359080658242*sqrt(85215) - 5.80372012258554e-5*sqrt(5870865) + 0.000362456406777755*sqrt(31395)) - 0.000889876777949847*sqrt(482885)),aF*(-0.000545148366665*sqrt(31395) + 0.000709055328436764*sqrt(85215))*(chi + 1.3228756555323),aF*(-0.00323402091337291*sqrt(858)*(chi + 1.3228756555323) - 0.000412307447673548*sqrt(92378)),aF*(0.000379061107585511*sqrt(6578) + 0.00453490376968536*sqrt(2002))*(chi + 1.3228756555323),aF*((-0.00687752293897353*sqrt(2002) - 0.000574874695431108*sqrt(6578))*(chi + 1.3228756555323) - 0.0174708814158709*sqrt(1482)),0
0,0,0,0,0,0,0,0,0,0,0,0,0,0,0,0,0,0,0,0,0,0,0,0,0,0,0,0,0,0,0,0,0,aF*((-0.00611804137893473*sqrt(1495) - 0.00010619889817134*sqrt(85085))*(chi + 1.3228756555323) + 0.000366757315605187*sqrt(10140585)),aF*(0.000226324820651051*sqrt(85085) + 0.00365887258583208*sqrt(1495))*(chi + 1.3228756555323),aF*(-0.000221186157419542*sqrt(85085) + 0.00608297900486111*sqrt(1495))*(chi + 1.3228756555323),0,aF*(0.00037906111872066*sqrt(6578) + 0.00453490465881865*sqrt(2002))*(chi + 1.3228756555323),aF*(0.00856276789246309*sqrt(858)*(chi + 1.3228756555323) - 0.00392290489253465*sqrt(11362)),0.000955128940068211*sqrt(858)*aF*(chi + 1.3228756555323),aF*(-0.000609485730407576*sqrt(38038)*(chi + 1.3228756555323) + 0.00463068363293653*sqrt(12558))
0,0,0,0,0,0,0,0,0,0,0,0,0,0,0,0,0,0,0,0,0,0,0,0,0,0,0,0,0,0,0,0,0,aF*(-8.96470148934472e-5*sqrt(1495) + 0.00016105860959398*sqrt(85085))*(chi + 1.3228756555323),aF*((-0.00329486430948939*sqrt(1495) - 0.000343238598124196*sqrt(85085))*(chi + 1.3228756555323) - 0.000187556391261938*sqrt(10140585)),aF*((-0.00242089028369904*sqrt(1495) + 0.00033544542917904*sqrt(85085))*(chi + 1.3228756555323) - 0.000154284859107342*sqrt(10140585)),0.00967380626184385*sqrt(1495)*aF*(chi + 1.3228756555323),aF*((-0.00687752427914931*sqrt(2002) - 0.000574874671804868*sqrt(6578))*(chi + 1.3228756555323) - 0.0174708754147068*sqrt(1482)),0.000955128826038895*sqrt(858)*aF*(chi + 1.3228756555323),aF*(0.00774403715299669*sqrt(858)*(chi + 1.3228756555323) + 0.00200504006449001*sqrt(11362)),0.000924330911121507*sqrt(38038)*aF*(chi + 1.3228756555323)
0,0,0,0,0,0,0,0,0,0,0,0,0,0,0,0,0,0,0,0,0,0,0,0,0,0,0,0,0,0,0,0,0,0,0,0,0,0,aF*(-0.000609485675703505*sqrt(38038)*(chi + 1.3228756555323) + 0.00463068449860998*sqrt(12558)),0.000924330893299666*sqrt(38038)*aF*(chi + 1.3228756555323),aF*(0.0478868960378031*sqrt(858)*(chi + 1.3228756555323) - 0.0113847750953996*sqrt(26565))
